ts_ms,t,s,tq_fl,tq_fr,tq_rl,tq_rr,cu_fl,cu_fr,cu_rl,cu_rr,rpm_fl,rpm_fr,rpm_rl,rpm_rr,vf,tf,vr,tr,gear,low,high,il,ir
1768307092109,-100,0,0,0,0,0,12,6,-4,2,0,0,0,0,3826,357,3826,327,0,0,0,0,0
1768307092202,-100,0,0,0,0,0,22,26,-2,2,0,0,0,0,3826,357,3826,327,0,0,0,0,0
1768307092333,-100,0,0,0,0,0,10,4,8,0,0,0,0,0,3826,358,3826,325,0,0,0,0,0
1768307092405,-100,0,0,0,0,0,10,4,12,-10,0,0,0,0,3826,358,3826,327,0,0,0,0,0
1768307092505,-100,0,0,0,0,0,12,4,-2,0,0,0,0,0,3826,357,3826,325,0,0,0,0,0
1768307093656,-100,0,0,0,0,0,8,14,0,2,0,0,0,0,3826,357,3826,327,0,0,0,0,0
1768307093662,-100,0,0,0,0,0,-8,-14,0,4,0,0,0,0,3826,358,3826,327,0,0,0,0,0
1768307093671,-100,0,0,0,0,0,12,4,2,0,0,0,0,0,3826,358,3826,327,0,0,0,0,0
1768307093680,-100,0,0,0,0,0,12,6,-2,0,0,0,0,0,3826,358,3826,327,0,0,0,0,0
1768307093687,-100,0,0,0,0,0,12,6,-2,2,0,0,0,0,3826,358,3826,327,0,0,0,0,0
1768307093693,-100,0,0,0,0,0,12,8,0,2,0,0,0,0,3826,358,3826,327,0,0,0,0,0
1768307093699,-100,0,0,0,0,0,12,6,0,2,0,0,0,0,3826,358,3826,327,0,0,0,0,0
1768307093707,-100,0,0,0,0,0,10,6,-6,-2,0,0,0,0,3826,358,3826,327,0,0,0,0,0
1768307093713,-100,0,0,0,0,0,10,6,-2,0,0,0,0,0,3826,358,3826,327,0,0,0,0,0
1768307093721,-100,0,0,0,0,0,10,4,-2,0,0,0,0,0,3826,358,3826,327,0,0,0,0,0
1768307093730,-100,0,0,0,0,0,12,4,0,-2,0,0,0,0,3826,358,3826,327,0,0,0,0,0
1768307093740,-100,0,0,0,0,0,12,4,-2,2,0,0,0,0,3826,358,3826,327,0,0,0,0,0
1768307093823,-100,0,0,0,0,0,10,6,0,2,0,0,0,0,3826,358,3826,327,0,0,0,0,0
1768307093920,-100,0,0,0,0,0,12,4,-4,2,0,0,0,0,3826,358,3826,327,0,0,0,0,0
1768307094023,-100,0,0,0,0,0,12,6,-2,2,0,0,0,0,3826,358,3826,327,0,0,0,0,0
1768307094122,-100,0,0,0,0,0,18,26,2,2,0,0,0,0,3826,358,3826,327,0,0,0,0,0
1768307094233,-100,0,0,0,0,0,12,6,0,2,0,0,0,0,3826,358,3826,327,0,0,0,0,0
1768307094323,-100,0,0,0,0,0,8,14,2,-6,0,0,0,0,3826,358,3824,327,0,0,0,0,0
1768307094426,-100,0,0,0,0,0,10,4,0,2,0,0,0,0,3826,358,3826,327,0,0,0,0,0
1768307094526,-100,0,0,0,0,0,10,22,-2,2,0,0,0,0,3826,358,3826,327,0,0,0,0,0
1768307094628,-100,0,0,0,0,0,26,30,0,2,0,0,0,0,3826,358,3826,327,0,0,0,0,0
1768307094728,-100,0,0,0,0,0,-8,-12,-2,2,0,0,0,0,3826,358,3826,327,0,0,0,0,0
1768307094829,-100,0,0,0,0,0,14,26,8,-8,0,0,0,0,3826,358,3824,327,0,0,0,0,0
1768307094932,-100,0,0,0,0,0,-4,-14,-2,0,0,0,0,0,3826,358,3824,327,0,0,0,0,0
1768307095031,-100,0,0,0,0,0,12,6,-2,2,0,0,0,0,3826,358,3824,327,0,0,0,0,0
1768307095133,-100,0,0,0,0,0,12,4,-2,2,0,0,0,0,3826,358,3824,327,0,0,0,0,0
1768307095233,-100,0,0,0,0,0,24,30,-4,-6,0,0,0,0,3826,358,3824,327,0,0,0,0,0
1768307095335,-100,0,0,0,0,0,12,6,0,2,0,0,0,0,3826,358,3824,327,0,0,0,0,0
1768307095436,-100,0,0,0,0,0,12,6,14,-10,0,0,0,0,3826,358,3824,327,0,0,0,0,0
1768307095538,-100,0,0,0,0,0,10,4,0,-6,0,0,0,0,3826,358,3824,327,0,0,0,0,0
1768307095639,-100,0,0,0,0,0,12,6,8,-8,0,0,0,0,3826,358,3824,327,0,0,0,0,0
1768307095743,-100,0,0,0,0,0,10,6,-2,2,0,0,0,0,3826,358,3824,327,0,0,0,0,0
1768307095840,-100,0,0,0,0,0,12,6,0,2,0,0,0,0,3826,358,3824,327,0,0,0,0,0
1768307095942,-100,0,0,0,0,0,12,6,-2,2,0,0,0,0,3826,358,3826,327,0,0,0,0,0
1768307096043,-100,0,0,0,0,0,22,26,0,2,0,0,0,0,3826,358,3826,327,0,0,0,0,0
1768307096144,-100,0,0,0,0,0,24,28,-2,0,0,0,0,0,3826,358,3824,327,0,0,0,0,0
1768307096247,-100,0,0,0,0,0,10,4,-2,2,0,0,0,0,3826,358,3824,327,0,0,0,0,0
1768307096345,-100,0,0,0,0,0,12,6,-2,0,0,0,0,0,3826,358,3824,327,0,0,0,0,0
1768307096446,-100,0,0,0,0,0,10,4,-2,2,0,0,0,0,3826,358,3824,327,0,0,0,0,0
1768307096548,-100,0,0,0,0,0,12,6,0,2,0,0,0,0,3826,358,3824,327,0,0,0,0,0
1768307096649,-100,0,0,0,0,0,12,6,-4,0,0,0,0,0,3826,358,3824,327,0,0,0,0,0
1768307096751,-100,0,0,0,0,0,12,6,-4,2,0,0,0,0,3826,358,3824,327,0,0,0,0,0
1768307096850,-100,0,0,0,0,0,-10,-14,-2,2,0,0,0,0,3826,358,3824,327,0,0,0,0,0
1768307096952,-100,0,0,0,0,0,22,42,-2,0,0,0,0,0,3826,358,3824,327,0,0,0,0,0
1768307097053,-100,0,0,0,0,0,12,6,-2,0,0,0,0,0,3826,358,3824,327,0,0,0,0,0
1768307097155,-100,0,0,0,0,0,12,6,6,-6,0,0,0,0,3826,358,3824,327,0,0,0,0,0
1768307097255,-100,0,0,0,0,0,-2,-12,-2,2,0,0,0,0,3826,358,3824,327,0,0,0,0,0
1768307097356,-100,0,0,0,0,0,10,6,-2,2,0,0,0,0,3826,358,3824,327,0,0,0,0,0
1768307097457,-100,0,0,0,0,0,12,6,-2,0,0,0,0,0,3826,358,3824,327,0,0,0,0,0
1768307097563,-100,0,0,0,0,0,-10,-12,-2,0,0,0,0,0,3826,358,3824,327,0,0,0,0,0
1768307097660,-100,0,0,0,0,0,12,6,-2,2,0,0,0,0,3826,358,3824,327,0,0,0,0,0
1768307097759,-100,0,0,0,0,0,12,6,0,2,0,0,0,0,3826,358,3824,327,0,0,0,0,0
1768307097861,-100,0,0,0,0,0,22,26,-2,2,0,0,0,0,3826,358,3824,327,0,0,0,0,0
1768307097961,-100,0,0,0,0,0,12,4,-2,0,0,0,0,0,3826,358,3824,327,0,0,0,0,0
1768307098063,-100,0,0,0,0,0,10,18,0,2,0,0,0,0,3826,358,3824,327,0,0,0,0,0
1768307098164,-100,0,0,0,0,0,-6,-14,0,2,0,0,0,0,3826,358,3824,327,0,0,0,0,0
1768307098264,-100,0,0,0,0,0,24,26,-2,0,0,0,0,0,3826,358,3824,327,0,0,0,0,0
1768307098366,-100,0,0,0,0,0,10,4,0,2,0,0,0,0,3826,358,3824,327,0,0,0,0,0
1768307098467,-100,0,0,0,0,0,12,6,-2,2,0,0,0,0,3826,358,3824,329,0,0,0,0,0
1768307098568,-100,0,0,0,0,0,12,6,-4,2,0,0,0,0,3826,358,3824,329,0,0,0,0,0
1768307098673,-100,0,0,0,0,0,10,4,-2,0,0,0,0,0,3826,358,3824,329,0,0,0,0,0
1768307098778,-100,0,0,0,0,0,-8,-14,0,2,0,0,0,0,3826,358,3824,329,0,0,0,0,0
1768307098871,-100,0,0,0,0,0,-8,-14,0,2,0,0,0,0,3826,358,3824,329,0,0,0,0,0
1768307098974,-100,0,0,0,0,0,-8,-12,0,0,0,0,0,0,3826,358,3824,329,0,0,0,0,0
1768307099073,-100,0,0,0,0,0,12,6,0,2,0,0,0,0,3826,358,3824,327,0,0,0,0,0
1768307099174,-100,0,0,0,0,0,12,6,-2,-4,0,0,0,0,3826,359,3824,329,0,0,0,0,0
1768307099275,-100,0,0,0,0,0,12,6,6,-6,0,0,0,0,3826,358,3824,329,0,0,0,0,0
1768307099378,-100,0,0,0,0,0,12,6,6,-6,0,0,0,0,3826,359,3824,329,0,0,0,0,0
1768307099477,-100,0,0,0,0,0,12,4,-6,0,0,0,0,0,3826,358,3824,329,0,0,0,0,0
1768307099578,-100,0,0,0,0,0,14,6,-2,2,0,0,0,0,3826,358,3824,329,0,0,0,0,0
1768307099681,-100,0,0,0,0,0,2,-12,-2,0,0,0,0,0,3826,358,3824,329,0,0,0,0,0
1768307099783,-100,0,0,0,0,0,22,28,0,2,0,0,0,0,3826,358,3824,329,0,0,0,0,0
1768307099881,-100,0,0,0,0,0,10,4,-6,-2,0,0,0,0,3826,358,3824,329,0,0,0,0,0
1768307099983,-100,0,0,0,0,0,14,26,6,-6,0,0,0,0,3826,358,3824,329,0,0,0,0,0
1768307100083,-100,0,0,0,0,0,0,-14,18,-14,0,0,0,0,3826,358,3824,329,0,0,0,0,0
1768307100184,-100,0,0,0,0,0,12,4,0,2,0,0,0,0,3826,358,3824,329,0,0,0,0,0
1768307100287,-100,0,0,0,0,0,12,6,-4,0,0,0,0,0,3826,358,3824,329,0,0,0,0,0
1768307100386,-100,0,0,0,0,0,12,6,0,2,0,0,0,0,3826,358,3824,329,0,0,0,0,0
1768307100487,-100,0,0,0,0,0,12,4,0,2,0,0,0,0,3826,358,3824,329,0,0,0,0,0
1768307100590,-100,0,0,0,0,0,12,6,-2,2,0,0,0,0,3826,358,3824,329,0,0,0,0,0
1768307100691,-100,0,0,0,0,0,-8,-14,0,2,0,0,0,0,3826,359,3824,329,0,0,0,0,0
1768307100790,-100,0,0,0,0,0,12,6,-2,2,0,0,0,0,3826,358,3824,329,0,0,0,0,0
1768307100891,-100,0,0,0,0,0,12,6,0,2,0,0,0,0,3826,358,3824,329,0,0,0,0,0
1768307100993,-100,0,0,0,0,0,10,6,0,0,0,0,0,0,3826,359,3824,329,0,0,0,0,0
1768307101095,-100,0,0,0,0,0,14,6,0,2,0,0,0,0,3826,359,3824,329,0,0,0,0,0
1768307101199,-100,0,0,0,0,0,12,4,8,-8,0,0,0,0,3826,359,3824,329,0,0,0,0,0
1768307101298,-100,0,0,0,0,0,12,4,-2,0,0,0,0,0,3826,359,3824,329,0,0,0,0,0
1768307101400,-100,0,0,0,0,0,12,4,-2,0,0,0,0,0,3826,358,3824,329,0,0,0,0,0
1768307101500,-100,0,0,0,0,0,12,6,-2,0,0,0,0,0,3826,358,3824,329,0,0,0,0,0
1768307101601,-100,0,0,0,0,0,24,34,-4,0,0,0,0,0,3826,358,3824,329,0,0,0,0,0
1768307101702,-100,0,0,0,0,0,6,-6,-2,2,0,0,0,0,3826,358,3824,329,0,0,0,0,0
1768307101799,-100,0,0,0,0,0,24,28,0,2,0,0,0,0,3826,359,3824,329,0,0,0,0,0
1768307101900,-100,0,0,0,0,0,-6,-16,-2,2,0,0,0,0,3826,359,3824,329,0,0,0,0,0
1768307102001,-100,0,0,0,0,0,24,26,-2,2,0,0,0,0,3826,358,3824,329,0,0,0,0,0
1768307102104,-100,0,0,0,0,0,10,4,-2,2,0,0,0,0,3826,358,3824,329,0,0,0,0,0
1768307102204,-100,0,0,0,0,0,10,20,0,0,0,0,0,0,3826,359,3824,329,0,0,0,0,0
1768307102304,-100,0,0,0,0,0,12,6,-2,0,0,0,0,0,3826,359,3824,329,0,0,0,0,0
1768307102408,-100,0,0,0,0,0,8,18,16,-8,0,0,0,0,3826,359,3824,329,0,0,0,0,0
1768307102507,-100,0,0,0,0,0,12,6,8,0,0,0,0,0,3826,359,3824,329,0,0,0,0,0
1768307102610,-100,0,0,0,0,0,22,24,0,2,0,0,0,0,3826,359,3824,329,0,0,0,0,0
1768307102709,-100,0,0,0,0,0,12,4,-2,4,0,0,0,0,3826,359,3824,329,0,0,0,0,0
1768307102813,-100,0,0,0,0,0,16,26,-2,2,0,0,0,0,3826,359,3824,329,0,0,0,0,0
1768307102914,-100,0,0,0,0,0,12,4,8,-2,0,0,0,0,3826,359,3824,329,0,0,0,0,0
1768307103012,-100,0,0,0,0,0,22,28,16,-14,0,0,0,0,3826,359,3824,329,0,0,0,0,0
1768307103115,-100,0,0,0,0,0,10,6,0,2,0,0,0,0,3826,359,3824,329,0,0,0,0,0
1768307103214,-100,0,0,0,0,0,12,4,0,2,0,0,0,0,3826,359,3824,329,0,0,0,0,0
1768307103315,-100,0,0,0,0,0,10,4,-4,0,0,0,0,0,3829,359,3824,329,0,0,0,0,0
1768307103415,-100,0,0,0,0,0,12,6,8,-2,0,0,0,0,3829,359,3826,329,0,0,0,0,0
1768307103520,-100,0,0,0,0,0,-8,-14,-2,0,0,0,0,0,3829,359,3826,329,0,0,0,0,0
1768307103618,-100,0,0,0,0,0,-2,-14,14,-12,0,0,0,0,3829,359,3826,329,0,0,0,0,0
1768307103718,-100,0,0,0,0,0,12,4,-4,0,0,0,0,0,3829,359,3824,329,0,0,0,0,0
1768307103820,-100,0,0,0,0,0,24,28,0,2,0,0,0,0,3829,359,3824,329,0,0,0,0,0
1768307103921,-100,0,0,0,0,0,24,34,-2,2,0,0,0,0,3829,359,3824,329,0,0,0,0,0
1768307104022,-100,0,0,0,0,0,10,4,-2,2,0,0,0,0,3829,359,3824,329,0,0,0,0,0
1768307104123,-100,0,0,0,0,0,12,4,-2,2,0,0,0,0,3829,359,3824,329,0,0,0,0,0
1768307104226,-100,0,0,0,0,0,10,6,-2,2,0,0,0,0,3829,359,3824,329,0,0,0,0,0
1768307104325,-100,0,0,0,0,0,-10,-12,-2,2,0,0,0,0,3829,359,3826,329,0,0,0,0,0
1768307104426,-100,0,0,0,0,0,12,6,10,-2,0,0,0,0,3829,359,3826,329,0,0,0,0,0
1768307104528,-100,0,0,0,0,0,16,28,-2,2,0,0,0,0,3829,359,3826,329,0,0,0,0,0
1768307104629,-100,0,0,0,0,0,12,6,0,2,0,0,0,0,3829,359,3826,329,0,0,0,0,0
1768307104729,-100,0,0,0,0,0,-2,-14,-4,2,0,0,0,0,3829,359,3826,329,0,0,0,0,0
1768307104831,-100,0,0,0,0,0,12,4,-2,2,0,0,0,0,3829,359,3824,329,0,0,0,0,0
1768307104932,-100,0,0,0,0,0,12,8,-2,2,0,0,0,0,3829,359,3826,329,0,0,0,0,0
1768307105033,-100,0,0,0,0,0,-8,-16,0,2,0,0,0,0,3829,359,3824,329,0,0,0,0,0
1768307105134,-100,0,0,0,0,0,8,16,0,2,0,0,0,0,3829,359,3824,329,0,0,0,0,0
1768307105235,-100,0,0,0,0,0,12,4,-2,2,0,0,0,0,3829,359,3824,329,0,0,0,0,0
1768307105341,-100,0,0,0,0,0,16,28,0,2,0,0,0,0,3829,359,3824,329,0,0,0,0,0
1768307105439,-100,0,0,0,0,0,-10,-14,-4,2,0,0,0,0,3829,359,3824,331,0,0,0,0,0
1768307105539,-100,0,0,0,0,0,-8,-14,-2,0,0,0,0,0,3829,359,3824,331,0,0,0,0,0
1768307105641,-100,0,0,0,0,0,12,22,-2,2,0,0,0,0,3829,359,3824,331,0,0,0,0,0
1768307105741,-100,0,0,0,0,0,-8,-14,6,0,0,0,0,0,3832,359,3824,331,0,0,0,0,0
1768307105842,-100,0,0,0,0,0,10,6,0,0,0,0,0,0,3832,359,3824,331,0,0,0,0,0
1768307105944,-100,0,0,0,0,0,-4,-14,-2,2,0,0,0,0,3829,359,3824,331,0,0,0,0,0
1768307106049,-100,0,0,0,0,0,12,6,-4,0,0,0,0,0,3829,359,3826,331,0,0,0,0,0
1768307106145,-100,0,0,0,0,0,-8,-16,-2,0,0,0,0,0,3829,359,3826,331,0,0,0,0,0
1768307106250,-100,0,0,0,0,0,10,6,0,0,0,0,0,0,3832,359,3824,331,0,0,0,0,0
1768307106347,-100,0,0,0,0,0,0,4,-8,-2,0,0,0,0,3832,359,3826,331,0,0,0,0,0
1768307106450,-100,0,0,0,0,0,10,4,4,-6,0,0,0,0,3832,359,3824,331,0,0,0,0,0
1768307106551,-100,0,0,0,0,0,12,4,-6,-4,0,0,0,0,3829,359,3824,331,0,0,0,0,0
1768307106650,-100,0,0,0,0,0,-8,-14,-2,2,0,0,0,0,3829,359,3824,331,0,0,0,0,0
1768307106751,-100,0,0,0,0,0,12,4,-2,2,0,0,0,0,3829,359,3824,331,0,0,0,0,0
1768307106852,-100,0,0,0,0,0,10,6,2,-6,0,0,0,0,3829,359,3824,331,0,0,0,0,0
1768307106957,-100,0,0,0,0,0,-6,-14,0,2,0,0,0,0,3832,359,3824,331,0,0,0,0,0
1768307107054,-100,0,0,0,0,0,12,6,-2,2,0,0,0,0,3832,359,3824,331,0,0,0,0,0
1768307107159,-100,0,0,0,0,0,10,6,-2,0,0,0,0,0,3832,359,3824,331,0,0,0,0,0
1768307107259,-100,0,0,0,0,0,-2,-16,-2,2,0,0,0,0,3832,359,3824,329,0,0,0,0,0
1768307107357,-100,0,0,0,0,0,10,4,0,0,0,0,0,0,3829,359,3824,331,0,0,0,0,0
1768307107460,-100,0,0,0,0,0,12,6,-4,2,0,0,0,0,3829,359,3826,331,0,0,0,0,0
1768307107559,-100,0,0,0,0,0,12,8,0,2,0,0,0,0,3829,359,3826,331,0,0,0,0,0
1768307107660,-100,0,0,0,0,0,-2,-14,-2,2,0,0,0,0,3829,359,3826,331,0,0,0,0,0
1768307107761,-100,0,0,0,0,0,-2,-12,-4,0,0,0,0,0,3829,359,3826,331,0,0,0,0,0
1768307107862,-100,0,0,0,0,0,-8,-14,14,-12,0,0,0,0,3829,359,3826,331,0,0,0,0,0
1768307107963,-100,0,0,0,0,0,22,42,-2,2,0,0,0,0,3829,359,3826,331,0,0,0,0,0
1768307108065,-100,0,0,0,0,0,10,4,0,0,0,0,0,0,3829,359,3826,331,0,0,0,0,0
1768307108168,-100,0,0,0,0,0,-8,-16,-2,-4,0,0,0,0,3829,359,3826,331,0,0,0,0,0
1768307108266,-100,0,0,0,0,0,12,6,-2,0,0,0,0,0,3829,359,3826,331,0,0,0,0,0
1768307108369,-100,0,0,0,0,0,12,6,0,2,0,0,0,0,3829,359,3826,331,0,0,0,0,0
1768307108468,-100,0,0,0,0,0,-8,-14,0,2,0,0,0,0,3829,359,3826,331,0,0,0,0,0
1768307108569,-100,0,0,0,0,0,8,16,-2,0,0,0,0,0,3829,359,3826,331,0,0,0,0,0
1768307108671,-100,0,0,0,0,0,12,6,-2,2,0,0,0,0,3829,359,3826,331,0,0,0,0,0
1768307108773,-100,0,0,0,0,0,12,4,0,2,0,0,0,0,3829,359,3826,331,0,0,0,0,0
1768307108871,-100,0,0,0,0,0,6,14,-4,0,0,0,0,0,3829,359,3826,331,0,0,0,0,0
1768307108972,-100,0,0,0,0,0,12,6,0,2,0,0,0,0,3829,359,3826,331,0,0,0,0,0
1768307109075,-100,0,0,0,0,0,-4,-14,-2,2,0,0,0,0,3829,359,3826,331,0,0,0,0,0
1768307109176,-100,0,0,0,0,0,12,6,-2,0,0,0,0,0,3829,359,3826,331,0,0,0,0,0
1768307109278,-100,0,0,0,0,0,12,6,0,0,0,0,0,0,3829,359,3826,331,0,0,0,0,0
1768307109377,-100,0,0,0,0,0,10,4,-2,0,0,0,0,0,3829,359,3824,331,0,0,0,0,0
1768307109479,-100,0,0,0,0,0,10,4,-2,2,0,0,0,0,3829,359,3824,331,0,0,0,0,0
1768307109582,-100,0,0,0,0,0,0,-14,-4,2,0,0,0,0,3829,359,3824,331,0,0,0,0,0
1768307109682,-100,0,0,0,0,0,12,6,-2,2,0,0,0,0,3829,359,3824,331,0,0,0,0,0
1768307109785,-100,0,0,0,0,0,12,6,6,0,0,0,0,0,3829,359,3824,331,0,0,0,0,0
1768307109883,-100,0,0,0,0,0,12,4,-2,2,0,0,0,0,3829,359,3824,331,0,0,0,0,0
1768307109982,-100,0,0,0,0,0,-6,-16,-2,2,0,0,0,0,3829,359,3824,331,0,0,0,0,0
1768307110085,-100,0,0,0,0,0,12,6,2,-4,0,0,0,0,3829,359,3824,331,0,0,0,0,0
1768307110187,-100,0,0,0,0,0,12,6,0,2,0,0,0,0,3829,359,3824,331,0,0,0,0,0
1768307110288,-100,0,0,0,0,0,24,26,-6,-6,0,0,0,0,3829,359,3824,331,0,0,0,0,0
1768307110387,-100,0,0,0,0,0,12,4,4,-6,0,0,0,0,3829,359,3824,331,0,0,0,0,0
1768307110489,-100,0,0,0,0,0,-8,-16,-2,2,0,0,0,0,3829,359,3824,331,0,0,0,0,0
1768307110589,-100,0,0,0,0,0,12,6,-2,2,0,0,0,0,3829,359,3824,331,0,0,0,0,0
1768307110690,-100,0,0,0,0,0,16,26,-2,2,0,0,0,0,3829,359,3824,331,0,0,0,0,0
1768307110791,-100,0,0,0,0,0,12,6,0,2,0,0,0,0,3829,359,3824,331,0,0,0,0,0
1768307110892,-100,0,0,0,0,0,12,4,-4,2,0,0,0,0,3829,359,3824,331,0,0,0,0,0
1768307110994,-100,0,0,0,0,0,22,38,0,4,0,0,0,0,3829,359,3824,331,0,0,0,0,0
1768307111096,-100,0,0,0,0,0,8,14,-2,2,0,0,0,0,3829,361,3824,331,0,0,0,0,0
1768307111197,-100,0,0,0,0,0,12,6,-2,2,0,0,0,0,3829,361,3824,331,0,0,0,0,0
1768307111296,-100,0,0,0,0,0,18,10,0,-6,0,0,0,0,3829,361,3824,331,0,0,0,0,0
1768307111397,-100,0,0,0,0,0,24,32,0,-4,0,0,0,0,3829,361,3824,331,0,0,0,0,0
1768307111500,-100,0,0,0,0,0,12,6,10,-8,0,0,0,0,3829,361,3824,331,0,0,0,0,0
1768307111626,-100,0,0,0,0,0,12,6,-2,2,0,0,0,0,3829,361,3824,331,0,0,0,0,0
1768307111760,-100,0,0,0,0,0,20,26,0,2,0,0,0,0,3829,361,3824,331,0,0,0,0,0
1768307111879,-100,0,0,0,0,0,12,4,10,-2,0,0,0,0,3829,361,3824,331,0,0,0,0,0
1768307111901,-100,0,0,0,0,0,12,4,-2,2,0,0,0,0,3829,361,3824,331,0,0,0,0,0
1768307112005,-100,0,0,0,0,0,12,6,-6,0,0,0,0,0,3829,361,3824,331,0,0,0,0,0
1768307112104,-100,0,0,0,0,0,22,26,-2,2,0,0,0,0,3829,361,3824,331,0,0,0,0,0
1768307112205,-100,0,0,0,0,0,10,4,-2,2,0,0,0,0,3829,361,3824,331,0,0,0,0,0
1768307112306,-100,0,0,0,0,0,12,6,-2,0,0,0,0,0,3829,361,3824,331,0,0,0,0,0
1768307112409,-100,0,0,0,0,0,24,30,0,2,0,0,0,0,3829,361,3824,331,0,0,0,0,0
1768307112508,-100,0,0,0,0,0,12,4,-4,2,0,0,0,0,3829,361,3824,331,0,0,0,0,0
1768307112609,-100,0,0,0,0,0,12,6,-2,2,0,0,0,0,3829,361,3824,331,0,0,0,0,0
1768307112711,-100,0,0,0,0,0,-8,-14,-6,2,0,0,0,0,3829,361,3824,331,0,0,0,0,0
1768307112816,-100,0,0,0,0,0,12,6,-2,2,0,0,0,0,3829,361,3824,331,0,0,0,0,0
1768307112913,-100,0,0,0,0,0,12,6,-4,2,0,0,0,0,3829,361,3824,331,0,0,0,0,0
1768307113013,-100,0,0,0,0,0,24,30,-2,2,0,0,0,0,3829,361,3824,331,0,0,0,0,0
1768307113114,-100,0,0,0,0,0,12,6,-4,0,0,0,0,0,3829,361,3824,331,0,0,0,0,0
1768307113215,-100,0,0,0,0,0,12,4,-2,2,0,0,0,0,3829,361,3824,331,0,0,0,0,0
1768307113321,-100,0,0,0,0,0,12,6,0,2,0,0,0,0,3829,361,3824,331,0,0,0,0,0
1768307113423,-100,0,0,0,0,0,12,4,6,-6,0,0,0,0,3829,361,3824,331,0,0,0,0,0
1768307113518,-100,0,0,0,0,0,10,4,14,-6,0,0,0,0,3829,361,3824,333,0,0,0,0,0
1768307113621,-100,0,0,0,0,0,12,8,-2,2,0,0,0,0,3829,361,3824,333,0,0,0,0,0
1768307113720,-100,0,0,0,0,0,12,6,-2,2,0,0,0,0,3829,361,3824,333,0,0,0,0,0
1768307113821,-100,0,0,0,0,0,18,28,-2,0,0,0,0,0,3829,361,3824,331,0,0,0,0,0
1768307113922,-100,0,0,0,0,0,24,30,-4,2,0,0,0,0,3829,361,3824,333,0,0,0,0,0
1768307114023,-100,0,0,0,0,0,12,6,0,2,0,0,0,0,3829,361,3824,333,0,0,0,0,0
1768307114126,-100,0,0,0,0,0,10,4,-2,2,0,0,0,0,3829,361,3824,333,0,0,0,0,0
1768307114226,-100,0,0,0,0,0,10,4,-2,2,0,0,0,0,3829,361,3824,333,0,0,0,0,0
1768307114407,-100,0,0,0,0,0,10,16,0,2,0,0,0,0,3829,361,3824,333,0,0,0,0,0
1768307114433,-100,0,0,0,0,0,12,4,-2,2,0,0,0,0,3829,361,3824,331,0,0,0,0,0
1768307114567,-100,0,0,0,0,0,12,6,-2,0,0,0,0,0,3829,361,3824,331,0,0,0,0,0
1768307114654,-100,0,0,0,0,0,24,30,-4,0,0,0,0,0,3829,361,3824,333,0,0,0,0,0
1768307114754,-100,0,0,0,0,0,10,4,-2,4,0,0,0,0,3829,361,3824,333,0,0,0,0,0
1768307114832,-100,0,0,0,0,0,22,28,-2,2,0,0,0,0,3829,361,3824,333,0,0,0,0,0
1768307114934,-100,0,0,0,0,0,24,28,0,2,0,0,0,0,3829,361,3824,333,0,0,0,0,0
1768307115036,-100,0,0,0,0,0,12,6,0,0,0,0,0,0,3829,361,3824,333,0,0,0,0,0
1768307115138,-100,0,0,0,0,0,12,6,6,-6,0,0,0,0,3829,361,3824,333,0,0,0,0,0
1768307115241,-100,0,0,0,0,0,10,2,6,-8,0,0,0,0,3829,361,3824,333,0,0,0,0,0
1768307115339,-100,0,0,0,0,0,12,8,-6,2,0,0,0,0,3829,361,3824,333,0,0,0,0,0
1768307115439,-100,0,0,0,0,0,24,26,-2,2,0,0,0,0,3829,361,3824,333,0,0,0,0,0
1768307115540,-100,0,0,0,0,0,12,6,0,2,0,0,0,0,3829,361,3824,333,0,0,0,0,0
1768307115642,-100,0,0,0,0,0,10,4,-2,0,0,0,0,0,3829,361,3824,333,0,0,0,0,0
1768307115746,-100,0,0,0,0,0,14,6,-4,0,0,0,0,0,3829,361,3824,333,0,0,0,0,0
1768307115848,-100,0,0,0,0,0,12,4,-2,0,0,0,0,0,3829,361,3824,333,0,0,0,0,0
1768307115944,-100,0,0,0,0,0,12,4,-2,0,0,0,0,0,3829,361,3824,333,0,0,0,0,0
1768307116045,-100,0,0,0,0,0,10,4,-4,2,0,0,0,0,3829,361,3824,333,0,0,0,0,0
1768307116148,-100,0,0,0,0,0,12,4,-4,2,0,0,0,0,3829,361,3824,333,0,0,0,0,0
1768307116247,-100,0,0,0,0,0,12,4,-4,0,0,0,0,0,3829,361,3824,333,0,0,0,0,0
1768307116348,-100,0,0,0,0,0,10,4,0,2,0,0,0,0,3829,361,3824,333,0,0,0,0,0
1768307116449,-100,0,0,0,0,0,12,4,8,-2,0,0,0,0,3829,361,3824,333,0,0,0,0,0
1768307116553,-100,0,0,0,0,0,12,6,-2,2,0,0,0,0,3829,361,3824,333,0,0,0,0,0
1768307116652,-100,0,0,0,0,0,16,24,-4,0,0,0,0,0,3829,361,3824,333,0,0,0,0,0
1768307116752,-100,0,0,0,0,0,12,6,-2,2,0,0,0,0,3829,361,3824,333,0,0,0,0,0
1768307116853,-100,0,0,0,0,0,10,16,-2,2,0,0,0,0,3829,361,3824,333,0,0,0,0,0
1768307116957,-100,0,0,0,0,0,24,42,-2,4,0,0,0,0,3829,361,3824,333,0,0,0,0,0
1768307117056,-100,0,0,0,0,0,12,6,0,2,0,0,0,0,3829,361,3824,333,0,0,0,0,0
1768307117158,-100,0,0,0,0,0,10,16,-4,2,0,0,0,0,3829,361,3824,333,0,0,0,0,0
1768307117257,-100,0,0,0,0,0,12,6,-4,2,0,0,0,0,3829,361,3824,333,0,0,0,0,0
1768307117358,-100,0,0,0,0,0,12,6,0,2,0,0,0,0,3829,361,3824,333,0,0,0,0,0
1768307117462,-100,0,0,0,0,0,12,6,-6,0,0,0,0,0,3829,361,3824,333,0,0,0,0,0
1768307117561,-100,0,0,0,0,0,10,6,12,-2,0,0,0,0,3829,361,3824,333,0,0,0,0,0
1768307117663,-100,0,0,0,0,0,2,-12,-2,2,0,0,0,0,3829,361,3824,333,0,0,0,0,0
1768307117762,-100,0,0,0,0,0,-8,-12,-4,2,0,0,0,0,3829,361,3824,333,0,0,0,0,0
1768307117864,-100,0,0,0,0,0,20,28,-4,2,0,0,0,0,3829,361,3824,333,0,0,0,0,0
1768307117969,-100,0,0,0,0,0,10,6,-2,2,0,0,0,0,3829,361,3824,333,0,0,0,0,0
1768307118068,-100,0,0,0,0,0,12,6,-2,2,0,0,0,0,3829,361,3824,333,0,0,0,0,0
1768307118166,-100,0,0,0,0,0,10,4,-4,2,0,0,0,0,3829,361,3824,333,0,0,0,0,0
1768307118267,-100,0,0,0,0,0,12,6,-4,2,0,0,0,0,3829,361,3824,333,0,0,0,0,0
1768307118368,-100,0,0,0,0,0,12,4,-4,2,0,0,0,0,3829,361,3826,333,0,0,0,0,0
1768307118470,-100,0,0,0,0,0,10,4,-2,2,0,0,0,0,3829,361,3826,333,0,0,0,0,0
1768307118574,-100,0,0,0,0,0,-2,-4,-2,2,0,0,0,0,3829,361,3826,333,0,0,0,0,0
1768307118676,-100,0,0,0,0,0,10,6,0,2,0,0,0,0,3829,361,3826,333,0,0,0,0,0
1768307118772,-100,0,0,0,0,0,14,4,-4,2,0,0,0,0,3829,361,3826,333,0,0,0,0,0
1768307118874,-100,0,0,0,0,0,10,4,8,0,0,0,0,0,3829,361,3826,333,0,0,0,0,0
1768307118976,-100,0,0,0,0,0,-8,-16,-2,2,0,0,0,0,3829,361,3826,333,0,0,0,0,0
1768307119078,-100,0,0,0,0,0,12,6,-2,2,0,0,0,0,3829,361,3826,333,0,0,0,0,0
1768307119179,-100,0,0,0,0,0,-8,-16,-2,2,0,0,0,0,3829,361,3826,333,0,0,0,0,0
1768307119279,-100,0,0,0,0,0,12,4,-2,2,0,0,0,0,3829,361,3826,333,0,0,0,0,0
1768307119378,-100,0,0,0,0,0,12,4,-2,2,0,0,0,0,3829,361,3826,333,0,0,0,0,0
1768307119482,-100,0,0,0,0,0,24,30,-2,2,0,0,0,0,3829,361,3826,333,0,0,0,0,0
1768307119580,-100,0,0,0,0,0,2,-8,-4,2,0,0,0,0,3829,361,3826,333,0,0,0,0,0
1768307119681,-100,0,0,0,0,0,12,6,-2,2,0,0,0,0,3829,361,3826,333,0,0,0,0,0
1768307119782,-100,0,0,0,0,0,10,4,4,-4,0,0,0,0,3829,361,3826,333,0,0,0,0,0
1768307119883,-100,0,0,0,0,0,2,-12,-2,2,0,0,0,0,3829,361,3826,333,0,0,0,0,0
1768307119984,-100,0,0,0,0,0,12,4,-2,0,0,0,0,0,3829,361,3826,333,0,0,0,0,0
1768307120085,-100,0,0,0,0,0,-8,-14,0,2,0,0,0,0,3829,361,3826,333,0,0,0,0,0
1768307120190,-100,0,0,0,0,0,12,22,-6,2,0,0,0,0,3829,361,3826,333,0,0,0,0,0
1768307120290,-100,0,0,0,0,0,4,10,-4,2,0,0,0,0,3829,361,3826,333,0,0,0,0,0
1768307120389,-100,0,0,0,0,0,12,6,-2,2,0,0,0,0,3829,361,3826,333,0,0,0,0,0
1768307120489,-100,0,0,0,0,0,12,6,0,0,0,0,0,0,3829,361,3826,333,0,0,0,0,0
1768307120592,-100,0,0,0,0,0,12,6,0,2,0,0,0,0,3829,361,3826,333,0,0,0,0,0
1768307120694,-100,0,0,0,0,0,24,30,0,2,0,0,0,0,3829,361,3826,333,0,0,0,0,0
1768307120794,-100,0,0,0,0,0,12,6,-4,2,0,0,0,0,3829,361,3826,333,0,0,0,0,0
1768307120899,-100,0,0,0,0,0,-8,-14,0,0,0,0,0,0,3829,361,3826,333,0,0,0,0,0
1768307120994,-100,0,0,0,0,0,-8,-14,-4,0,0,0,0,0,3829,361,3826,333,0,0,0,0,0
1768307121096,-100,0,0,0,0,0,12,6,4,-6,0,0,0,0,3829,361,3826,333,0,0,0,0,0
1768307121196,-100,0,0,0,0,0,12,4,-4,2,0,0,0,0,3829,361,3826,333,0,0,0,0,0
1768307121297,-100,0,0,0,0,0,12,6,-4,2,0,0,0,0,3829,361,3826,333,0,0,0,0,0
1768307121398,-100,0,0,0,0,0,12,4,-4,2,0,0,0,0,3829,361,3826,335,0,0,0,0,0
1768307121499,-100,0,0,0,0,0,12,6,0,-2,0,0,0,0,3829,361,3826,335,0,0,0,0,0
1768307121600,-100,0,0,0,0,0,12,6,-2,4,0,0,0,0,3829,361,3826,335,0,0,0,0,0
1768307121702,-100,0,0,0,0,0,24,28,-2,2,0,0,0,0,3829,363,3826,335,0,0,0,0,0
1768307121805,-100,0,0,0,0,0,-2,-14,6,-8,0,0,0,0,3829,361,3826,335,0,0,0,0,0
1768307121908,-100,0,0,0,0,0,12,6,4,-6,0,0,0,0,3829,361,3826,335,0,0,0,0,0
1768307122003,-100,0,0,0,0,0,24,26,10,-10,0,0,0,0,3829,361,3826,335,0,0,0,0,0
1768307122107,-100,0,0,0,0,0,12,6,-4,0,0,0,0,0,3829,363,3826,335,0,0,0,0,0
1768307122208,-100,0,0,0,0,0,12,6,-4,0,0,0,0,0,3829,363,3826,335,0,0,0,0,0
1768307122311,-100,0,0,0,0,0,10,6,-2,2,0,0,0,0,3829,363,3826,335,0,0,0,0,0
1768307122408,-100,0,0,0,0,0,12,6,0,2,0,0,0,0,3829,363,3829,335,0,0,0,0,0
1768307122509,-100,0,0,0,0,0,12,6,-2,0,0,0,0,0,3829,363,3826,335,0,0,0,0,0
1768307122619,-100,0,0,0,0,0,24,26,-2,2,0,0,0,0,3829,363,3829,335,0,0,0,0,0
1768307122712,-100,0,0,0,0,0,-4,-14,-2,0,0,0,0,0,3829,363,3829,335,0,0,0,0,0
1768307122815,-100,0,0,0,0,0,-4,-16,0,0,0,0,0,0,3829,363,3826,335,0,0,0,0,0
1768307122913,-100,0,0,0,0,0,12,6,-4,2,0,0,0,0,3829,363,3826,335,0,0,0,0,0
1768307123014,-100,0,0,0,0,0,24,28,-2,2,0,0,0,0,3829,363,3826,335,0,0,0,0,0
1768307123117,-100,0,0,0,0,0,26,26,-4,-4,0,0,0,0,3829,363,3826,335,0,0,0,0,0
1768307123218,-100,0,0,0,0,0,12,6,-2,2,0,0,0,0,3829,363,3826,335,0,0,0,0,0
1768307123317,-100,0,0,0,0,0,20,24,-2,2,0,0,0,0,3829,363,3826,335,0,0,0,0,0
1768307123418,-100,0,0,0,0,0,12,6,0,2,0,0,0,0,3829,363,3826,335,0,0,0,0,0
1768307123519,-100,0,0,0,0,0,12,4,-2,0,0,0,0,0,3829,363,3826,335,0,0,0,0,0
1768307123620,-100,0,0,0,0,0,12,6,-2,2,0,0,0,0,3829,363,3826,335,0,0,0,0,0
1768307123721,-100,0,0,0,0,0,-8,-12,-2,2,0,0,0,0,3829,363,3826,335,0,0,0,0,0
1768307123822,-100,0,0,0,0,0,12,6,-2,0,0,0,0,0,3829,363,3826,335,0,0,0,0,0
1768307123923,-100,0,0,0,0,0,10,6,-2,2,0,0,0,0,3829,363,3826,335,0,0,0,0,0
1768307124026,-100,0,0,0,0,0,-6,-16,-2,2,0,0,0,0,3829,363,3826,335,0,0,0,0,0
1768307124127,-100,0,0,0,0,0,12,8,-2,2,0,0,0,0,3826,363,3826,335,0,0,0,0,0
1768307124226,-100,0,0,0,0,0,24,34,-2,2,0,0,0,0,3826,363,3826,335,0,0,0,0,0
1768307124329,-100,0,0,0,0,0,2,-10,-2,2,0,0,0,0,3826,363,3826,335,0,0,0,0,0
1768307124429,-100,0,0,0,0,0,12,6,-4,0,0,0,0,0,3826,363,3826,333,0,0,0,0,0
1768307124532,-100,0,0,0,0,0,12,8,0,2,0,0,0,0,3826,363,3826,335,0,0,0,0,0
1768307124632,-100,0,0,0,0,0,12,8,0,2,0,0,0,0,3826,363,3826,335,0,0,0,0,0
1768307124732,-100,0,0,0,0,0,12,6,2,-4,0,0,0,0,3826,363,3826,335,0,0,0,0,0
1768307124838,-100,0,0,0,0,0,18,28,4,-6,0,0,0,0,3826,363,3826,335,0,0,0,0,0
1768307124935,-100,0,0,0,0,0,24,26,2,-6,0,0,0,0,3826,363,3826,335,0,0,0,0,0
1768307125035,-100,0,0,0,0,0,24,30,2,-6,0,0,0,0,3826,363,3826,337,0,0,0,0,0
1768307125137,-100,0,0,0,0,0,12,6,-2,2,0,0,0,0,3826,363,3826,337,0,0,0,0,0
1768307125238,-100,0,0,0,0,0,12,6,-2,2,0,0,0,0,3826,363,3826,335,0,0,0,0,0
1768307125339,-100,0,0,0,0,0,12,6,0,2,0,0,0,0,3826,363,3826,335,0,0,0,0,0
1768307125440,-100,0,0,0,0,0,12,6,12,-12,0,0,0,0,3826,363,3826,335,0,0,0,0,0
1768307125541,-100,0,0,0,0,0,10,4,8,-8,0,0,0,0,3826,363,3826,335,0,0,0,0,0
1768307125643,-100,0,0,0,0,0,24,28,4,-8,0,0,0,0,3826,363,3826,337,0,0,0,0,0
1768307125744,-100,0,0,0,0,0,22,26,-4,0,0,0,0,0,3826,363,3826,337,0,0,0,0,0
1768307125845,-100,0,0,0,0,0,12,4,-2,2,0,0,0,0,3826,363,3826,335,0,0,0,0,0
1768307125947,-100,0,0,0,0,0,-4,-16,0,2,0,0,0,0,3826,363,3824,335,0,0,0,0,0
1768307126049,-100,0,0,0,0,0,12,6,-2,2,0,0,0,0,3826,363,3826,335,0,0,0,0,0
1768307126149,-100,0,0,0,0,0,12,4,0,0,0,0,0,0,3826,363,3826,335,0,0,0,0,0
1768307126253,-100,0,0,0,0,0,12,6,0,2,0,0,0,0,3826,363,3826,335,0,0,0,0,0
1768307126349,-100,0,0,0,0,0,12,4,-4,2,0,0,0,0,3826,363,3826,337,0,0,0,0,0
1768307126450,-100,0,0,0,0,0,-10,-14,-2,0,0,0,0,0,3826,363,3826,337,0,0,0,0,0
1768307126556,-100,0,0,0,0,0,12,6,-2,2,0,0,0,0,3826,363,3826,337,0,0,0,0,0
1768307126654,-100,0,0,0,0,0,12,6,-2,0,0,0,0,0,3826,363,3826,337,0,0,0,0,0
1768307126754,-100,0,0,0,0,0,12,4,-2,2,0,0,0,0,3826,363,3826,337,0,0,0,0,0
1768307126854,-100,0,0,0,0,0,-8,-14,0,4,0,0,0,0,3826,363,3826,337,0,0,0,0,0
1768307126955,-100,0,0,0,0,0,-8,-16,-2,2,0,0,0,0,3826,363,3826,337,0,0,0,0,0
1768307127056,-100,0,0,0,0,0,24,28,-2,2,0,0,0,0,3826,363,3826,337,0,0,0,0,0
1768307127158,-100,0,0,0,0,0,10,4,2,-6,0,0,0,0,3826,363,3826,337,0,0,0,0,0
1768307127258,-100,0,0,0,0,0,-6,-14,-2,2,0,0,0,0,3826,363,3826,337,0,0,0,0,0
1768307127363,0,0,0,0,0,0,12,4,-2,2,0,0,0,0,3824,363,3826,337,0,0,0,0,0
1768307127460,0,0,0,0,0,0,12,4,-2,2,0,0,0,0,3824,363,3826,337,0,0,0,0,0
1768307127565,0,0,0,0,0,0,-6,-14,-4,2,0,0,0,0,3824,363,3826,337,0,0,0,0,0
1768307127666,0,0,0,0,0,0,10,6,-6,2,0,0,0,0,3826,363,3826,335,0,0,0,0,0
1768307127767,0,0,0,0,0,0,12,6,-4,0,0,0,0,0,3826,363,3826,335,0,0,0,0,0
1768307127867,0,0,0,0,0,0,-6,-16,-4,0,0,0,0,0,3826,363,3826,335,0,0,0,0,0
1768307127966,0,0,0,0,0,0,12,6,-6,2,0,0,0,0,3826,363,3826,335,0,0,0,0,0
1768307128066,0,0,0,0,0,0,12,4,0,0,0,0,0,0,3826,363,3826,335,0,0,0,0,0
1768307128169,0,0,0,0,0,0,-8,-16,0,2,0,0,0,0,3826,363,3826,335,0,0,0,0,0
1768307128268,0,0,0,0,0,0,12,4,-2,2,0,0,0,0,3826,363,3826,335,0,0,0,0,0
1768307128371,0,0,0,0,0,0,24,28,4,8,0,0,0,0,3826,363,3826,335,0,0,0,0,0
1768307128471,0,0,0,0,0,0,10,6,-2,2,0,0,0,0,3826,363,3826,335,0,0,0,0,0
1768307128571,0,0,0,0,0,0,14,6,0,2,0,0,0,0,3826,363,3826,335,0,0,0,0,0
1768307128675,0,0,0,0,0,0,16,24,-2,2,0,0,0,0,3826,363,3826,335,1,1,0,0,0
1768307128774,0,0,0,0,0,0,22,26,0,2,0,0,0,0,3826,363,3826,335,1,1,0,0,0
1768307128877,0,0,0,0,0,0,-8,-16,4,-6,0,0,0,0,3826,363,3826,335,1,1,0,0,0
1768307128978,0,0,0,0,0,0,12,6,-4,0,0,0,0,0,3826,363,3826,335,1,1,0,0,0
1768307129079,0,0,0,0,0,0,14,26,-4,2,0,0,0,0,3826,363,3826,335,1,1,0,0,0
1768307129180,0,0,0,0,0,0,4,16,-4,2,0,0,0,0,3826,363,3826,335,1,1,0,0,0
1768307129283,0,0,0,0,0,0,12,4,-4,0,0,0,0,0,3826,363,3826,335,1,1,0,0,0
1768307129382,0,0,0,0,0,0,12,6,-2,2,0,0,0,0,3826,363,3826,335,1,1,0,0,0
1768307129487,0,0,0,0,0,0,-6,-12,-4,2,0,0,0,0,3826,363,3826,335,1,1,0,0,0
1768307129583,0,0,0,0,0,0,14,6,0,2,0,0,0,0,3826,363,3826,335,1,1,0,0,0
1768307129683,0,0,0,0,0,0,24,26,-2,2,0,0,0,0,3826,363,3826,337,1,1,0,0,0
1768307129786,0,0,0,0,0,0,12,6,0,2,0,0,0,0,3826,363,3826,337,1,1,0,0,0
1768307129889,0,0,0,0,0,0,-8,-14,-2,2,0,0,0,0,3826,363,3826,337,1,1,0,0,0
1768307129987,0,0,0,0,0,0,-8,-12,-2,2,0,0,0,0,3826,363,3826,337,1,1,0,0,0
1768307130088,0,0,0,0,0,0,12,6,-2,0,0,0,0,0,3826,363,3826,337,1,1,0,0,0
1768307130188,0,0,0,0,0,0,12,6,-2,0,0,0,0,0,3826,363,3826,335,1,1,0,0,0
1768307130291,0,0,0,0,0,0,12,6,-2,2,0,0,0,0,3826,363,3826,337,1,1,0,0,0
1768307130390,69,0,16,16,17,17,-10,-12,0,4,0,0,0,0,3826,363,3826,337,1,1,0,0,0
1768307130494,93,0,21,21,24,24,12,4,-2,0,0,0,0,0,3826,363,3826,337,1,1,0,0,0
1768307130596,93,0,21,21,24,24,10,4,0,2,0,0,0,0,3826,363,3826,337,1,1,0,0,0
1768307130698,93,0,21,21,24,24,12,6,2,2,0,0,5,0,3826,363,3826,337,1,1,0,0,0
1768307130795,93,0,21,21,24,24,12,6,-2,2,0,0,19,0,3826,363,3826,335,1,1,0,0,0
1768307130896,93,0,21,21,24,24,12,4,0,2,0,0,10,0,3826,363,3826,335,1,1,0,0,0
1768307130998,93,0,21,21,24,24,16,26,0,2,0,0,15,0,3826,363,3826,335,1,1,0,0,0
1768307131101,116,0,26,26,31,31,24,30,-2,2,0,0,18,0,3826,363,3826,335,1,1,0,0,0
1768307131203,139,0,30,30,39,39,24,24,2,2,0,0,13,0,3826,363,3826,335,1,1,0,0,0
1768307131302,139,0,30,30,39,39,12,6,-2,2,0,0,24,0,3826,363,3826,335,1,1,0,0,0
1768307131401,139,0,30,30,39,39,10,4,0,2,0,0,36,0,3826,363,3826,337,1,1,0,0,0
1768307131503,139,0,30,30,39,39,12,6,-2,2,0,0,39,0,3826,363,3826,337,1,1,0,0,0
1768307131605,139,0,30,30,39,39,12,6,0,2,0,0,46,0,3826,363,3826,337,1,1,0,0,0
1768307131706,139,0,30,30,39,39,10,6,-2,2,0,0,53,0,3826,363,3826,335,1,1,0,0,0
1768307131805,139,0,30,30,39,39,10,4,2,2,0,0,58,0,3826,363,3826,335,1,1,0,0,0
1768307131907,139,0,30,30,39,39,24,26,4,4,0,0,65,0,3826,363,3826,333,1,1,0,0,0
1768307132009,139,0,30,30,39,39,22,24,2,4,0,0,72,0,3826,363,3826,335,1,1,0,0,0
1768307132110,139,0,30,30,39,39,12,6,2,2,0,0,79,0,3826,363,3826,335,1,1,0,0,0
1768307132212,139,0,30,30,39,39,12,4,4,2,0,0,86,0,3826,363,3826,335,1,1,0,0,0
1768307132314,139,0,30,30,39,39,10,4,8,4,0,0,92,0,3826,363,3826,335,1,1,0,0,0
1768307132411,139,0,30,30,39,39,10,4,-2,0,0,0,99,0,3826,363,3826,335,1,1,0,0,0
1768307132513,139,0,30,30,39,39,22,24,4,4,0,0,104,0,3826,363,3826,335,1,1,0,0,0
1768307132614,139,0,30,30,39,39,-6,-18,6,4,0,0,111,0,3826,363,3826,335,1,1,0,0,0
1768307132715,139,0,30,30,39,39,10,4,4,2,0,0,117,0,3826,365,3826,335,1,1,0,0,0
1768307132819,139,0,30,30,39,39,12,4,10,4,0,0,125,0,3826,363,3826,335,1,1,0,0,0
1768307132965,139,0,30,30,39,39,16,26,6,2,0,0,132,0,3826,365,3826,335,1,1,0,0,0
1768307133047,139,0,30,30,39,39,10,4,12,4,0,0,138,0,3826,363,3826,335,1,1,0,0,0
1768307133220,139,0,30,30,39,39,8,2,8,4,6,0,146,0,3826,365,3826,335,1,1,0,0,0
1768307133232,139,0,30,30,39,39,8,2,6,2,6,0,152,0,3826,363,3826,335,1,1,0,0,0
1768307133331,139,0,30,30,39,39,8,2,10,4,0,0,158,0,3826,363,3826,335,1,1,0,0,0
1768307133429,139,0,30,30,39,39,16,26,10,4,0,0,165,0,3826,363,3826,335,1,1,0,0,0
1768307133524,139,0,30,30,39,39,10,4,8,4,0,0,172,0,3826,363,3826,335,1,1,0,0,0
1768307133630,139,0,30,30,39,39,10,4,10,4,0,0,177,0,3826,363,3826,335,1,1,0,0,0
1768307133726,139,0,30,30,39,39,10,2,10,6,0,0,182,0,3826,363,3826,335,1,1,0,0,0
1768307133830,139,0,30,30,39,39,8,4,18,4,0,0,190,0,3826,363,3826,335,1,1,0,0,0
1768307133928,139,0,30,30,39,39,10,4,16,6,0,0,198,0,3826,363,3826,335,1,1,0,0,0
1768307134032,139,0,30,30,39,39,8,2,22,6,0,0,204,0,3826,363,3826,335,1,1,0,0,0
1768307134131,139,0,30,30,39,39,22,24,20,-4,0,0,211,0,3826,363,3826,335,1,1,0,0,0
1768307134232,139,0,30,30,39,39,8,4,12,-2,0,0,217,0,3826,363,3826,335,1,1,0,0,0
1768307134338,139,0,30,30,39,39,10,2,20,-2,0,0,225,0,3824,363,3826,335,1,1,0,0,0
1768307134434,139,0,30,30,39,39,8,4,18,6,0,0,231,0,3826,363,3824,335,1,1,0,0,0
1768307134535,139,0,30,30,39,39,8,2,28,-2,0,0,238,0,3826,363,3824,335,1,1,0,0,0
1768307134640,139,0,30,30,39,39,8,2,18,6,0,0,249,0,3824,363,3824,335,1,1,0,0,0
1768307134738,139,0,30,30,39,39,10,2,20,6,0,0,253,0,3824,363,3824,335,1,1,0,0,0
1768307134839,139,0,30,30,39,39,8,2,14,4,0,0,260,0,3824,363,3824,335,1,1,0,0,0
1768307134940,139,0,30,30,39,39,10,2,20,6,0,0,266,0,3824,363,3824,335,1,1,0,0,0
1768307135047,139,0,30,30,39,39,8,2,16,4,0,0,275,0,3824,363,3824,335,1,1,0,0,0
1768307135142,139,0,30,30,39,39,6,0,28,-4,0,0,282,0,3824,363,3824,337,1,1,0,0,0
1768307135243,139,0,30,30,39,39,8,2,16,6,0,0,290,0,3824,363,3824,335,1,1,0,0,0
1768307135344,139,0,30,30,39,39,8,2,26,6,0,0,296,0,3824,363,3824,335,1,1,0,0,0
1768307135444,139,0,30,30,39,39,6,2,22,6,0,0,304,0,3824,363,3824,335,1,1,0,0,0
1768307135550,139,0,30,30,39,39,8,2,32,-4,0,0,313,0,3824,363,3824,335,1,1,0,0,0
1768307135649,139,0,30,30,39,39,8,2,28,6,0,0,320,0,3824,363,3824,335,1,1,0,0,0
1768307135749,139,0,30,30,39,39,8,2,28,6,0,0,333,0,3824,363,3824,335,1,1,0,0,0
1768307135851,139,0,30,30,39,39,6,2,26,6,0,0,344,0,3824,363,3824,335,1,1,0,0,0
1768307135951,139,0,30,30,39,39,4,0,36,6,0,0,355,0,3824,363,3824,335,1,1,0,0,0
1768307136051,139,0,30,30,39,39,8,2,28,6,0,0,361,0,3824,363,3824,335,1,1,0,0,0
1768307136153,139,0,30,30,39,39,6,0,30,8,0,0,374,0,3824,363,3824,335,1,1,0,0,0
1768307136253,139,0,30,30,39,39,4,0,42,10,0,0,380,0,3824,363,3824,335,1,1,0,0,0
1768307136354,139,0,30,30,39,39,4,0,38,6,0,0,391,0,3824,363,3824,335,1,1,0,0,0
1768307136462,139,0,30,30,39,39,6,-2,36,8,0,0,406,0,3824,363,3821,335,1,1,0,0,0
1768307136565,139,0,30,30,39,39,4,0,44,8,0,0,422,0,3824,363,3821,337,1,1,0,0,0
1768307136659,139,0,30,30,39,39,4,0,44,10,0,0,439,0,3821,363,3821,337,1,1,0,0,0
1768307136762,139,0,30,30,39,39,4,0,42,8,0,0,449,0,3821,363,3821,337,1,1,0,0,0
1768307136860,0,0,0,0,0,0,4,0,44,10,0,0,463,0,3821,363,3821,337,1,1,0,0,0
1768307136962,0,0,0,0,0,0,2,-2,52,10,0,0,490,0,3821,363,3821,337,1,1,0,0,0
1768307137062,0,0,0,0,0,0,4,0,56,14,0,0,514,0,3821,363,3821,337,1,1,0,0,0
1768307137164,0,0,0,0,0,0,6,0,44,8,0,0,514,0,3821,363,3821,337,1,1,0,0,0
1768307137267,0,0,0,0,0,0,4,-2,44,10,0,0,514,0,3821,363,3821,337,1,1,0,0,0
1768307137366,0,0,0,0,0,0,4,0,46,8,0,0,514,0,3821,363,3821,337,1,1,0,0,0
1768307137466,0,0,0,0,0,0,4,0,32,4,0,0,514,0,3821,363,3821,337,1,1,0,0,0
1768307137569,0,0,0,0,0,0,4,-2,52,10,0,0,514,0,3821,363,3821,337,1,1,0,0,0
1768307137667,0,0,0,0,0,0,4,-2,44,6,0,0,514,0,3821,363,3819,337,1,1,0,0,0
1768307137769,0,0,0,0,0,0,6,2,38,6,0,0,507,0,3821,363,3819,337,1,1,0,0,0
1768307137870,0,0,0,0,0,0,6,0,54,0,0,0,507,0,3821,363,3819,337,1,1,0,0,0
1768307137970,0,0,0,0,0,0,4,0,66,10,0,0,514,0,3821,363,3819,337,1,1,0,0,0
1768307138073,0,0,0,0,0,0,4,0,36,8,0,0,514,0,3821,363,3819,337,1,1,0,0,0
1768307138174,0,0,0,0,0,0,4,-2,46,10,0,0,507,0,3821,363,3819,337,1,1,0,0,0
1768307138278,0,0,0,0,0,0,4,0,28,4,0,0,514,0,3821,363,3819,337,1,1,0,0,0
1768307138381,0,0,0,0,0,0,2,-2,46,10,0,0,520,0,3819,363,3819,337,1,1,0,0,0
1768307138477,0,0,0,0,0,0,2,0,48,8,0,0,514,0,3821,363,3819,337,1,1,0,0,0
1768307138578,0,0,0,0,0,0,8,2,30,4,0,0,514,0,3821,363,3819,337,1,1,0,0,0
1768307138678,-116,0,-21,-21,-13,-13,8,2,26,6,0,0,507,0,3821,363,3819,337,1,1,0,0,0
1768307138779,-231,0,-44,-44,-25,-25,4,-2,46,8,0,0,514,0,3819,363,3819,337,1,1,0,0,0
1768307138881,-347,0,-60,-60,-32,-32,6,0,26,4,-6,0,507,0,3819,363,3819,337,1,1,0,0,0
1768307138980,-486,0,-64,-40,-34,-34,12,22,26,8,-20,-10,507,0,3819,363,3816,337,1,1,0,0,0
1768307139083,-602,0,-59,-42,-32,-32,8,0,34,6,-29,-14,490,0,3819,363,3816,337,1,1,0,0,0
1768307139188,-625,0,-36,-36,-21,-21,10,2,26,6,-42,-26,484,0,3819,363,3816,337,1,1,0,0,0
1768307139284,-625,0,-61,-42,-32,-32,10,4,26,6,-51,-25,463,0,3819,365,3816,337,1,1,0,0,0
1768307139386,-625,0,-25,-25,-15,-15,10,2,24,6,-51,-25,449,0,3819,365,3816,337,1,1,0,0,0
1768307139489,-625,0,-31,-31,-18,-18,8,2,22,6,-49,-25,435,0,3819,365,3816,337,1,1,0,0,0
1768307139588,0,0,0,0,0,0,8,2,16,4,-44,-21,418,0,3819,365,3816,337,1,1,0,0,0
1768307139694,0,0,0,0,0,0,0,-10,20,6,-36,-16,402,0,3819,365,3816,337,1,1,0,0,0
1768307139790,0,0,0,0,0,0,6,2,24,6,-19,-12,395,0,3819,365,3816,337,1,1,0,0,0
1768307139892,0,0,0,0,0,0,8,2,18,4,-19,0,384,0,3819,365,3816,337,1,1,0,0,0
1768307139992,0,0,0,0,0,0,8,0,26,6,0,0,377,0,3819,365,3816,337,1,1,0,0,0
1768307140096,0,0,0,0,0,0,8,2,22,4,0,0,364,0,3819,365,3816,337,1,1,0,0,0
1768307140194,0,0,0,0,0,0,8,2,22,6,0,0,355,0,3819,365,3816,337,1,1,0,0,0
1768307140295,0,0,0,0,0,0,8,2,18,6,0,0,344,0,3819,365,3816,337,1,1,0,0,0
1768307140403,0,0,0,0,0,0,-10,-16,16,4,0,0,330,0,3819,365,3816,337,1,1,0,0,0
1768307140499,0,0,0,0,0,0,8,2,16,4,0,0,318,0,3819,365,3816,337,1,1,0,0,0
1768307140601,0,0,0,0,0,0,10,4,20,4,0,0,306,0,3819,365,3816,337,1,1,0,0,0
1768307140703,0,0,0,0,0,0,-10,-16,8,2,0,0,292,0,3819,365,3816,337,1,1,0,0,0
1768307140803,0,0,0,0,0,0,10,2,12,4,0,0,280,0,3819,365,3816,337,1,1,0,0,0
1768307140902,0,0,0,0,0,0,10,4,14,-4,0,0,265,0,3819,365,3816,337,1,1,0,0,0
1768307141005,0,0,0,0,0,0,10,6,16,-6,0,0,257,0,3819,365,3816,337,1,1,0,0,0
1768307141106,0,0,0,0,0,0,22,32,6,2,0,0,239,0,3819,365,3816,337,1,1,0,0,0
1768307141206,0,0,0,0,0,0,10,2,12,-6,0,0,228,0,3819,365,3816,337,1,1,0,0,0
1768307141306,0,0,0,0,0,0,22,24,6,0,0,0,214,0,3819,365,3816,337,1,1,0,0,0
1768307141407,0,0,0,0,0,0,-8,-18,10,2,0,0,198,0,3819,365,3816,337,1,1,0,0,0
1768307141512,0,0,0,0,0,0,12,4,8,2,0,0,184,0,3819,365,3816,337,1,1,0,0,0
1768307141612,0,0,0,0,0,0,10,4,10,2,0,0,174,0,3819,365,3816,337,1,1,0,0,0
1768307141710,0,0,0,0,0,0,-10,-14,6,0,0,0,156,0,3819,365,3816,337,1,1,0,0,0
1768307141812,0,0,0,0,0,0,10,6,6,2,0,0,144,0,3819,365,3816,337,1,1,0,0,0
1768307141913,0,0,0,0,0,0,8,4,10,-6,0,0,131,0,3819,365,3816,337,1,1,0,0,0
1768307142017,0,0,0,0,0,0,-8,-14,0,2,0,0,116,0,3819,365,3816,337,1,1,0,0,0
1768307142115,0,0,0,0,0,0,24,28,2,2,0,0,103,0,3819,365,3816,337,1,1,0,0,0
1768307142217,0,0,0,0,0,0,10,4,0,2,0,0,89,0,3819,365,3816,337,1,1,0,0,0
1768307142319,0,0,0,0,0,0,-8,-16,0,2,0,0,72,0,3819,365,3816,337,1,1,0,0,0
1768307142419,0,0,0,0,0,0,12,4,-6,0,0,0,60,0,3821,365,3816,335,1,1,0,0,0
1768307142520,0,0,0,0,0,0,-8,-2,0,2,0,0,48,0,3821,365,3816,337,1,1,0,0,0
1768307142621,0,0,0,0,0,0,12,6,0,2,0,0,36,0,3821,365,3816,337,1,1,0,0,0
1768307142722,0,0,0,0,0,0,12,6,4,-6,0,0,23,0,3821,365,3816,337,1,1,0,0,0
1768307142827,0,0,0,0,0,0,12,6,-4,2,0,0,16,0,3821,365,3816,337,1,1,0,0,0
1768307142928,0,0,0,0,0,0,12,4,-2,0,0,0,0,0,3821,365,3816,337,1,1,0,0,0
1768307143029,0,0,0,0,0,0,12,4,-4,2,0,0,0,0,3821,365,3816,337,1,1,0,0,0
1768307143130,0,0,0,0,0,0,-6,-16,-4,0,0,0,0,0,3821,365,3816,337,1,1,0,0,0
1768307143230,0,0,0,0,0,0,-4,-12,-4,2,0,0,0,0,3821,365,3819,335,1,1,0,0,0
1768307143331,0,0,0,0,0,0,18,28,-4,0,0,0,0,0,3821,365,3819,335,1,1,0,0,0
1768307143435,0,0,0,0,0,0,8,14,2,-6,0,0,0,0,3821,365,3819,335,1,1,0,0,0
1768307143534,0,0,0,0,0,0,-8,-12,8,-2,0,0,0,0,3821,365,3819,335,1,1,0,0,0
1768307143637,0,0,0,0,0,0,4,-8,-2,0,0,0,0,0,3821,365,3819,335,1,1,0,0,0
1768307143736,0,0,0,0,0,0,10,4,-2,2,0,0,0,0,3821,365,3819,335,1,1,0,0,0
1768307143837,0,0,0,0,0,0,24,30,0,2,0,0,0,0,3821,365,3819,335,1,1,0,0,0
1768307143938,0,0,0,0,0,0,12,4,-2,2,0,0,0,0,3821,365,3819,335,1,1,0,0,0
1768307144040,0,0,0,0,0,0,-2,-14,-4,0,0,0,0,0,3821,365,3819,335,1,1,0,0,0
1768307144141,0,0,0,0,0,0,10,8,-2,2,0,0,0,0,3821,365,3819,335,1,1,0,0,0
1768307144241,0,0,0,0,0,0,12,6,-2,0,0,0,0,0,3821,365,3819,335,1,1,0,0,0
1768307144342,0,0,0,0,0,0,12,6,-4,2,0,0,0,0,3821,365,3819,335,1,1,0,0,0
1768307144445,0,0,0,0,0,0,10,4,12,-12,0,0,0,0,3821,365,3819,335,1,1,0,0,0
1768307144545,0,0,0,0,0,0,-10,-14,-4,2,0,0,0,0,3821,365,3819,335,1,1,0,0,0
1768307144649,116,0,26,26,31,31,10,4,12,-4,0,0,0,0,3821,365,3819,335,1,1,0,0,0
1768307144749,162,0,33,33,47,47,18,26,4,-6,0,0,0,0,3821,365,3819,335,1,1,0,0,0
1768307144848,185,0,36,36,55,55,24,26,2,-6,0,0,0,0,3821,365,3819,335,1,1,0,0,0
1768307144950,231,0,41,41,74,74,10,6,6,-6,0,0,0,0,3821,365,3819,335,1,1,0,0,0
1768307145054,255,0,43,43,84,84,10,6,6,-4,0,0,5,0,3821,365,3819,335,1,1,0,0,0
1768307145153,255,0,43,43,84,84,12,6,10,-4,0,0,45,0,3821,365,3819,335,1,1,0,0,0
1768307145255,255,0,43,43,84,84,-8,-18,10,6,0,0,70,0,3821,365,3819,337,1,1,0,0,0
1768307145352,255,0,43,43,84,84,24,26,6,4,13,7,103,0,3821,365,3819,337,1,1,0,0,0
1768307145453,255,0,43,43,84,84,10,2,12,4,22,0,132,0,3821,365,3819,337,1,1,0,0,0
1768307145556,255,0,43,43,84,84,20,24,24,-2,20,0,163,0,3821,365,3819,337,1,1,0,0,0
1768307145655,255,0,43,43,84,84,8,2,26,6,26,0,193,0,3821,365,3819,337,1,1,0,0,0
1768307145757,255,0,43,43,84,84,10,2,24,8,29,0,231,0,3821,365,3821,337,1,1,0,0,0
1768307145863,255,0,43,43,84,84,8,2,34,8,34,0,265,0,3821,365,3821,337,1,1,0,0,0
1768307145966,255,0,43,43,84,84,6,0,50,0,35,0,296,0,3821,365,3821,337,1,1,0,0,0
1768307146063,255,0,43,43,84,84,6,-2,42,10,37,0,330,0,3821,365,3819,337,1,1,0,0,0
1768307146161,255,0,43,43,84,84,16,20,48,10,39,0,364,0,3821,365,3819,337,1,1,0,0,0
1768307146264,0,0,0,0,0,0,4,-4,64,14,40,0,398,0,3821,365,3819,337,1,1,0,0,0
1768307146364,0,0,0,0,0,0,-6,-18,58,12,40,0,430,0,3821,365,3819,337,1,1,0,0,0
1768307146465,0,0,0,0,0,0,-8,-20,26,6,29,0,430,0,3821,365,3819,337,1,1,0,0,0
1768307146566,0,0,0,0,0,0,-10,-20,34,-2,17,0,422,0,3821,365,3819,337,1,1,0,0,0
1768307146666,0,0,0,0,0,0,8,2,24,6,17,0,414,0,3821,365,3819,337,1,1,0,0,0
1768307146767,0,0,0,0,0,0,-12,-16,20,4,0,0,402,0,3821,365,3819,337,1,1,0,0,0
1768307146871,0,0,0,0,0,0,6,2,20,6,0,0,395,0,3821,365,3819,337,1,1,0,0,0
1768307146970,0,0,0,0,0,0,8,4,32,-2,0,0,387,0,3821,365,3819,337,1,1,0,0,0
1768307147070,0,0,0,0,0,0,18,22,16,4,0,0,380,0,3821,365,3819,337,1,1,0,0,0
1768307147170,0,0,0,0,0,0,8,2,22,6,0,0,367,0,3821,365,3819,337,1,1,0,0,0
1768307147273,0,0,0,0,0,0,14,24,18,4,0,0,361,0,3821,365,3819,339,1,1,0,0,0
1768307147377,0,0,0,0,0,0,8,2,14,6,0,0,349,0,3821,365,3819,339,1,1,0,0,0
1768307147477,0,0,0,0,0,0,20,24,32,-2,0,0,338,0,3821,365,3819,339,1,1,0,0,0
1768307147577,0,0,0,0,0,0,14,24,16,4,0,0,328,0,3821,365,3819,337,1,1,0,0,0
1768307147677,0,0,0,0,0,0,8,2,20,4,0,0,311,0,3821,365,3819,337,1,1,0,0,0
1768307147780,0,0,0,0,0,0,8,4,16,-2,0,0,298,0,3821,367,3819,337,1,1,0,0,0
1768307147883,0,0,0,0,0,0,8,4,18,4,0,0,286,0,3821,367,3819,337,1,1,0,0,0
1768307147982,0,0,0,0,0,0,8,4,12,4,0,0,271,0,3821,367,3819,337,1,1,0,0,0
1768307148083,0,0,0,0,0,0,10,4,12,2,0,0,260,0,3821,367,3819,337,1,1,0,0,0
1768307148182,0,0,0,0,0,0,8,4,20,-6,0,0,245,0,3821,367,3819,339,1,1,0,0,0
1768307148284,0,0,0,0,0,0,10,4,8,2,0,0,231,0,3821,367,3819,339,1,1,0,0,0
1768307148387,0,0,0,0,0,0,10,4,18,-4,0,0,218,0,3821,367,3819,339,1,1,0,0,0
1768307148486,69,0,16,16,17,17,16,26,6,4,0,0,205,0,3821,367,3819,337,1,1,0,0,0
1768307148586,93,0,21,21,24,24,22,26,14,-6,0,0,193,0,3821,367,3819,337,1,1,0,0,0
1768307148689,93,0,21,21,24,24,10,22,4,2,0,0,187,0,3821,367,3819,337,1,1,0,0,0
1768307148788,116,0,26,26,31,31,10,4,20,0,0,0,181,0,3821,367,3819,337,1,1,0,0,0
1768307148897,116,0,26,26,31,31,10,4,8,4,0,0,181,0,3821,367,3819,337,1,1,0,0,0
1768307148992,139,0,30,30,39,39,22,24,12,-4,0,0,181,0,3821,367,3819,337,1,1,0,0,0
1768307149091,139,0,30,30,39,39,22,22,12,4,0,0,184,0,3821,367,3819,337,1,1,0,0,0
1768307149192,139,0,30,30,39,39,20,24,10,4,0,0,192,0,3821,365,3819,339,1,1,0,0,0
1768307149297,139,0,30,30,39,39,8,2,12,2,0,0,196,0,3821,365,3819,339,1,1,0,0,0
1768307149395,139,0,30,30,39,39,22,24,14,4,0,0,203,0,3821,365,3819,337,1,1,0,0,0
1768307149497,139,0,30,30,39,39,10,6,20,6,0,0,211,0,3821,365,3819,339,1,1,0,0,0
1768307149597,139,0,30,30,39,39,8,2,16,6,0,0,218,0,3821,365,3819,339,1,1,0,0,0
1768307149700,139,0,30,30,39,39,8,2,12,6,0,0,224,0,3821,365,3819,339,1,1,0,0,0
1768307149800,139,0,30,30,39,39,20,24,26,-6,0,0,231,0,3821,365,3819,339,1,1,0,0,0
1768307149901,162,0,33,33,47,47,10,18,16,6,0,0,238,0,3821,367,3819,339,1,1,0,0,0
1768307150006,162,0,33,33,47,47,8,2,14,2,0,0,248,0,3821,367,3819,337,1,1,0,0,0
1768307150104,162,0,33,33,47,47,8,2,26,-2,0,0,257,0,3821,367,3819,337,1,1,0,0,0
1768307150203,162,0,33,33,47,47,6,2,28,-2,0,0,270,0,3821,367,3819,339,1,1,0,0,0
1768307150305,162,0,33,33,47,47,12,26,28,-2,0,0,280,0,3821,367,3819,339,1,1,0,0,0
1768307150411,162,0,33,33,47,47,14,24,20,6,0,0,290,0,3821,367,3819,339,1,1,0,0,0
1768307150506,162,0,33,33,47,47,6,2,28,6,0,0,304,0,3821,367,3819,339,1,1,0,0,0
1768307150609,162,0,33,33,47,47,8,2,34,8,0,0,316,0,3821,367,3819,339,1,1,0,0,0
1768307150708,162,0,33,33,47,47,6,0,22,6,0,0,328,0,3821,367,3819,339,1,1,0,0,0
1768307150814,162,0,33,33,47,47,12,22,46,-2,0,0,344,0,3821,367,3819,339,1,1,0,0,0
1768307150910,162,0,33,33,47,47,12,22,32,6,0,0,355,0,3821,367,3819,339,1,1,0,0,0
1768307151015,162,0,33,33,47,47,12,22,38,8,0,0,371,0,3821,367,3819,339,1,1,0,0,0
1768307151113,162,0,33,33,47,47,12,22,40,8,0,0,387,0,3821,367,3819,339,1,1,0,0,0
1768307151219,162,0,33,33,47,47,12,22,40,8,0,0,402,0,3821,367,3819,339,1,1,0,0,0
1768307151314,162,0,33,33,47,47,10,22,50,10,0,0,422,0,3821,367,3816,339,1,1,0,0,0
1768307151417,162,0,33,33,47,47,10,22,48,10,0,0,435,0,3821,367,3816,339,1,1,0,0,0
1768307151517,0,0,0,0,0,0,10,22,44,8,0,0,458,0,3821,367,3816,339,1,1,0,0,0
1768307151618,0,0,0,0,0,0,12,22,26,6,0,0,463,0,3821,367,3816,339,1,1,0,0,0
1768307151723,0,0,0,0,0,0,12,24,40,8,0,0,453,0,3821,367,3816,339,1,1,0,0,0
1768307151823,0,0,0,0,0,0,8,0,22,4,0,0,453,0,3821,367,3816,339,1,1,0,0,0
1768307151921,0,0,0,0,0,0,4,0,36,6,0,0,444,0,3821,367,3816,339,1,1,0,0,0
1768307152022,0,0,0,0,0,0,6,2,28,6,0,0,439,0,3821,367,3816,339,1,1,0,0,0
1768307152130,0,0,0,0,0,0,6,0,28,6,0,0,439,0,3821,367,3816,339,1,1,0,0,0
1768307152225,0,0,0,0,0,0,6,0,20,4,0,0,430,0,3821,367,3816,339,1,1,0,0,0
1768307152325,0,0,0,0,0,0,6,0,32,6,0,0,422,0,3821,367,3816,339,1,1,0,0,0
1768307152426,0,0,0,0,0,0,18,20,32,8,0,0,418,0,3821,367,3816,339,1,1,0,0,0
1768307152528,0,0,0,0,0,0,6,2,36,-2,0,0,410,0,3821,367,3816,339,1,1,0,0,0
1768307152629,0,0,0,0,0,0,8,2,26,-2,0,0,402,0,3821,367,3816,339,1,1,0,0,0
1768307152737,0,0,0,0,0,0,8,2,20,4,0,0,391,0,3821,367,3816,339,1,1,0,0,0
1768307152834,0,0,0,0,0,0,10,20,22,6,0,0,384,0,3821,367,3814,339,1,1,0,0,0
1768307152934,0,0,0,0,0,0,22,24,18,4,0,0,371,0,3821,367,3814,339,1,1,0,0,0
1768307153038,0,0,0,0,0,0,6,2,24,6,0,0,361,0,3819,367,3814,339,1,1,0,0,0
1768307153136,0,0,0,0,0,0,8,2,28,6,0,0,346,0,3821,367,3814,339,1,1,0,0,0
1768307153238,0,0,0,0,0,0,8,2,22,4,0,0,338,0,3821,367,3814,339,1,1,0,0,0
1768307153341,0,0,0,0,0,0,16,26,26,-4,0,0,325,0,3821,367,3814,339,1,1,0,0,0
1768307153440,0,0,0,0,0,0,20,24,22,-6,0,0,313,0,3821,367,3814,339,1,1,0,0,0
1768307153545,0,0,0,0,0,0,22,24,10,4,0,0,298,0,3821,367,3814,339,1,1,0,0,0
1768307153642,0,0,0,0,0,0,14,26,20,2,0,0,288,0,3821,367,3814,339,1,1,0,0,0
1768307153744,0,0,0,0,0,0,10,6,16,4,0,0,275,0,3821,367,3814,339,1,1,0,0,0
1768307153843,0,0,0,0,0,0,22,24,12,2,0,0,260,0,3821,367,3814,339,1,1,0,0,0
1768307153944,0,0,0,0,0,0,8,4,8,2,0,0,249,0,3821,367,3814,339,1,1,0,0,0
1768307154044,0,0,0,0,0,0,-4,-16,14,-4,0,0,235,0,3821,367,3814,339,1,1,0,0,0
1768307154147,0,0,0,0,0,0,22,24,8,4,0,0,221,0,3821,367,3814,339,1,1,0,0,0
1768307154250,0,0,0,0,0,0,12,4,8,4,0,0,208,0,3821,367,3814,339,1,1,0,0,0
1768307154348,0,0,0,0,0,0,24,24,14,-6,0,0,193,0,3821,367,3814,339,1,1,0,0,0
1768307154448,0,0,0,0,0,0,10,6,4,2,0,0,178,0,3821,367,3816,339,1,1,0,0,0
1768307154549,0,0,0,0,0,0,10,4,6,2,0,0,165,0,3821,367,3816,339,1,1,0,0,0
1768307154654,0,0,0,0,0,0,12,6,4,2,0,0,152,0,3821,367,3816,339,1,1,0,0,0
1768307154753,0,0,0,0,0,0,10,4,0,0,0,0,136,0,3821,367,3816,339,1,1,0,0,0
1768307154852,0,0,0,0,0,0,24,28,0,2,0,0,123,0,3821,367,3816,339,1,1,0,0,0
1768307154955,0,0,0,0,0,0,24,26,-2,-6,0,0,109,0,3821,367,3816,339,1,1,0,0,0
1768307155055,0,0,0,0,0,0,10,6,2,2,0,0,96,0,3821,367,3816,339,1,1,0,0,0
1768307155156,0,0,0,0,0,0,-4,-16,-4,2,0,0,83,0,3821,367,3816,339,1,1,0,0,0
1768307155257,0,0,0,0,0,0,12,22,-4,4,0,0,68,0,3821,367,3816,339,1,1,0,0,0
1768307155359,0,0,0,0,0,0,18,26,2,2,0,0,53,0,3821,367,3816,339,1,1,0,0,0
1768307155459,0,0,0,0,0,0,12,6,2,2,0,0,41,0,3821,367,3816,341,1,1,0,0,0
1768307155563,0,0,0,0,0,0,6,-4,-4,0,0,0,24,0,3821,367,3816,341,1,1,0,0,0
1768307155661,0,0,0,0,0,0,12,6,0,0,0,0,16,0,3821,367,3816,341,1,1,0,0,0
1768307155763,0,0,0,0,0,0,12,6,-2,2,0,0,11,0,3821,367,3816,341,1,1,0,0,0
1768307155863,0,0,0,0,0,0,24,26,6,-6,0,0,-12,0,3821,369,3816,341,1,1,0,0,0
1768307155964,0,0,0,0,0,0,12,6,0,0,0,0,-6,0,3821,369,3816,341,1,1,0,0,0
1768307156067,0,0,0,0,0,0,18,28,-4,2,0,0,-8,0,3821,369,3816,341,1,1,0,0,0
1768307156171,0,0,0,0,0,0,12,4,12,-4,0,0,0,0,3821,369,3816,341,1,1,0,0,0
1768307156275,0,0,0,0,0,0,10,4,14,-4,0,0,0,0,3821,369,3816,339,1,1,0,0,0
1768307156370,69,0,16,16,17,17,10,4,-2,2,0,0,0,0,3821,369,3816,339,1,1,0,0,0
1768307156470,139,0,30,30,39,39,16,26,0,4,0,0,0,0,3821,369,3816,339,1,1,0,0,0
1768307156572,162,0,33,33,47,47,10,4,2,2,0,0,0,0,3821,369,3819,339,1,1,0,0,0
1768307156671,185,0,36,36,55,55,12,6,0,4,0,0,15,0,3821,367,3819,339,1,1,0,0,0
1768307156777,185,0,36,36,55,55,12,6,2,2,0,0,12,0,3821,367,3819,339,1,1,0,0,0
1768307156873,208,0,39,39,64,64,10,4,6,-2,0,0,31,0,3821,367,3819,341,1,1,0,0,0
1768307156978,231,0,41,41,74,74,10,4,4,4,0,0,49,0,3821,367,3819,341,1,1,0,0,0
1768307157079,231,0,41,41,74,74,10,6,4,2,0,0,70,0,3821,367,3819,341,1,1,0,0,0
1768307157178,231,0,41,41,74,74,14,24,6,4,0,0,99,0,3824,367,3819,341,1,1,0,0,0
1768307157279,231,0,41,41,74,74,20,24,16,6,0,0,125,0,3824,367,3819,339,1,1,0,0,0
1768307157383,231,0,41,41,74,74,22,24,16,6,0,0,148,0,3821,367,3819,341,1,1,0,0,0
1768307157483,231,0,41,41,74,74,20,22,20,8,0,0,174,0,3821,367,3819,339,1,1,0,0,0
1768307157582,231,0,41,41,74,74,20,24,24,6,0,0,198,0,3821,367,3819,339,1,1,0,0,0
1768307157682,231,0,41,41,74,74,20,22,16,4,0,0,224,0,3821,367,3819,339,1,1,0,0,0
1768307157784,231,0,41,41,74,74,-6,-16,20,6,0,0,249,0,3821,367,3819,341,1,1,0,0,0
1768307157885,185,0,36,36,55,55,-6,-18,28,8,0,0,277,0,3821,365,3819,341,1,1,0,0,0
1768307157985,162,0,33,33,47,47,-6,-16,32,6,0,0,302,0,3821,365,3819,339,1,1,0,0,0
1768307158086,162,0,33,33,47,47,-6,-16,36,-2,0,0,316,0,3821,365,3819,339,1,1,0,0,0
1768307158187,162,0,33,33,47,47,-6,-18,38,-2,0,0,330,0,3821,365,3819,339,1,1,0,0,0
1768307158289,162,0,33,33,47,47,-6,-18,36,8,0,0,344,0,3821,365,3819,339,1,1,0,0,0
1768307158391,162,0,33,33,47,47,-8,-16,36,8,0,0,361,0,3821,365,3816,339,1,1,0,0,0
1768307158491,162,0,33,33,47,47,-8,-20,40,8,0,0,377,0,3821,365,3816,339,1,1,0,0,0
1768307158591,162,0,33,33,47,47,-8,-18,36,10,0,0,391,0,3821,365,3816,339,1,1,0,0,0
1768307158692,162,0,33,33,47,47,-8,-18,40,6,0,0,406,0,3821,365,3816,339,1,1,0,0,0
1768307158794,162,0,33,33,47,47,-8,-18,44,10,0,0,422,0,3821,365,3816,339,1,1,0,0,0
1768307158896,162,0,33,33,47,47,-10,-20,66,2,0,0,439,0,3821,365,3816,341,1,1,0,0,0
1768307159001,93,0,21,21,24,24,-10,-20,42,10,0,0,463,0,3821,365,3816,341,1,1,0,0,0
1768307159100,0,0,0,0,0,0,-14,-24,88,14,0,0,496,0,3821,365,3816,341,1,1,0,0,0
1768307159198,0,0,0,0,0,0,14,18,48,10,0,0,507,0,3821,365,3816,341,1,1,0,0,0
1768307159300,0,0,0,0,0,0,18,20,46,6,0,0,514,0,3821,365,3816,341,1,1,0,0,0
1768307159402,0,0,0,0,0,0,8,2,34,4,0,0,514,0,3819,365,3814,341,1,1,0,0,0
1768307159507,0,0,0,0,0,0,6,2,38,8,0,0,507,0,3819,365,3814,341,1,1,0,0,0
1768307159602,0,0,0,0,0,0,6,0,36,6,0,0,514,0,3819,365,3816,341,1,1,0,0,0
1768307159705,0,0,0,0,0,0,6,0,30,6,0,0,514,0,3819,365,3814,341,1,1,0,0,0
1768307159804,0,0,0,0,0,0,2,-2,42,8,0,0,514,0,3819,367,3814,341,1,1,0,0,0
1768307159909,0,0,0,0,0,0,4,18,48,8,0,0,514,0,3819,367,3814,341,1,1,0,0,0
1768307160007,0,0,0,0,0,0,6,18,52,10,0,0,507,0,3819,367,3814,341,1,1,0,0,0
1768307160109,0,0,0,0,0,0,6,2,42,6,0,0,514,0,3819,367,3814,341,1,1,0,0,0
1768307160209,0,0,0,0,0,0,4,0,48,8,0,0,514,0,3819,367,3814,341,1,1,0,0,0
1768307160309,0,0,0,0,0,0,2,-2,42,8,0,0,514,0,3819,367,3814,341,1,1,0,0,0
1768307160415,0,0,0,0,0,0,8,18,42,10,0,0,507,0,3819,367,3814,341,1,1,0,0,0
1768307160514,0,0,0,0,0,0,8,16,50,10,0,0,514,0,3819,367,3814,341,1,1,0,0,0
1768307160614,0,0,0,0,0,0,4,0,54,4,0,0,514,0,3819,369,3814,341,1,1,0,0,0
1768307160720,0,0,0,0,0,0,4,0,46,8,0,0,514,0,3819,369,3814,341,1,1,0,0,0
1768307160815,0,0,0,0,0,0,6,2,50,8,0,0,514,0,3819,369,3814,341,1,1,0,0,0
1768307160916,0,0,0,0,0,0,12,24,36,8,0,0,514,0,3819,369,3814,341,1,1,0,0,0
1768307161018,0,0,0,0,0,0,10,20,50,6,0,0,507,0,3819,369,3814,341,1,1,0,0,0
1768307161125,0,0,0,0,0,0,4,12,46,8,0,0,507,0,3819,369,3814,341,1,1,0,0,0
1768307161220,0,0,0,0,0,0,6,16,50,10,0,0,507,0,3819,369,3814,341,1,1,0,0,0
1768307161321,0,0,0,0,0,0,4,0,44,8,0,0,507,0,3819,369,3814,341,1,1,0,0,0
1768307161421,0,0,0,0,0,0,6,2,46,8,0,0,514,0,3819,369,3814,341,1,1,0,0,0
1768307161523,-116,0,-21,-21,-13,-13,6,0,42,6,0,0,514,0,3819,371,3814,341,1,1,0,0,0
1768307161624,-116,0,-21,-21,-13,-13,-10,-20,44,6,0,0,507,0,3819,371,3814,341,1,1,0,0,0
1768307161726,-139,0,-25,-25,-15,-15,-10,-22,38,8,0,0,507,0,3819,371,3814,341,1,1,0,0,0
1768307161827,-139,0,-25,-25,-15,-15,-10,-20,36,6,0,0,520,0,3819,371,3814,341,1,1,0,0,0
1768307161927,-139,0,-25,-25,-15,-15,-10,-22,34,6,0,0,507,0,3819,371,3814,341,1,1,0,0,0
1768307162028,-139,0,-25,-25,-15,-15,-8,-18,36,8,0,0,514,0,3819,371,3811,341,1,1,0,0,0
1768307162133,-139,0,-25,-25,-15,-15,-10,-20,66,-6,0,0,507,0,3819,371,3811,341,1,1,0,0,0
1768307162230,-139,0,-25,-25,-15,-15,-10,-18,48,8,0,0,507,0,3816,373,3811,341,1,1,0,0,0
1768307162332,-162,0,-30,-30,-18,-18,-8,-18,54,10,0,0,507,0,3819,373,3811,341,1,1,0,0,0
1768307162435,-162,0,-30,-30,-18,-18,-10,-20,32,6,0,0,507,0,3819,373,3811,341,1,1,0,0,0
1768307162534,-185,0,-35,-35,-20,-20,-8,-18,32,4,0,0,507,0,3819,373,3811,341,1,1,0,0,0
1768307162636,-208,0,-39,-39,-22,-22,-10,-20,44,-2,0,0,507,0,3819,373,3811,341,1,1,0,0,0
1768307162738,-208,0,-35,-35,-20,-20,4,2,38,6,0,-9,507,0,3816,371,3811,341,1,1,0,0,0
1768307162838,-208,0,-34,-34,-20,-20,8,6,46,8,0,-16,507,0,3816,371,3811,341,1,1,0,0,0
1768307162939,-208,0,-33,-33,-19,-19,6,0,52,10,0,-15,514,0,3816,371,3811,341,1,1,0,0,0
1768307163040,-208,0,-29,-29,-17,-17,6,2,30,8,-9,-15,514,0,3816,369,3811,341,1,1,0,0,0
1768307163142,-208,0,-31,-31,-18,-18,18,24,22,2,-7,0,507,0,3816,369,3811,341,1,1,0,0,0
1768307163242,-231,0,-34,-34,-20,-20,-14,-16,38,6,-10,-10,507,0,3816,369,3809,341,1,1,0,0,0
1768307163343,-231,0,-33,-33,-19,-19,4,0,38,6,-8,-15,514,0,3816,369,3809,341,1,1,0,0,0
1768307163444,-231,0,-34,-34,-19,-19,0,-4,40,6,-8,-14,507,0,3816,369,3809,341,1,1,0,0,0
1768307163546,-231,0,-38,-38,-22,-22,4,0,38,6,0,-11,507,0,3816,367,3809,341,1,1,0,0,0
1768307163651,-231,0,-36,-36,-21,-21,4,-2,38,6,0,-18,514,0,3816,367,3809,341,1,1,0,0,0
1768307163747,-231,0,-37,-37,-21,-21,4,0,36,8,0,-15,507,0,3816,367,3809,341,1,1,0,0,0
1768307163848,-231,0,-35,-35,-20,-20,4,2,48,10,0,-18,507,0,3816,367,3809,341,1,1,0,0,0
1768307163950,-231,0,-35,-35,-20,-20,4,2,52,10,0,-19,507,0,3816,367,3809,341,1,1,0,0,0
1768307164050,-278,0,-41,-41,-23,-23,14,20,56,8,0,-20,514,0,3816,367,3809,341,1,1,0,0,0
1768307164151,-278,0,-41,-41,-23,-23,-16,-20,52,4,0,-21,507,0,3816,367,3809,341,1,1,0,0,0
1768307164257,-278,0,-40,-40,-23,-23,4,0,28,6,0,-24,514,0,3816,367,3809,341,1,1,0,0,0
1768307164355,-278,0,-38,-38,-22,-22,-14,-16,26,6,0,-29,507,0,3814,367,3809,341,1,1,0,0,0
1768307164456,-278,0,-37,-37,-21,-21,-12,-20,48,10,0,-29,507,0,3814,367,3809,341,1,1,0,0,0
1768307164555,-278,0,-36,-36,-21,-21,2,0,46,8,0,-31,507,0,3814,367,3809,341,1,1,0,0,0
1768307164658,-278,0,-35,-35,-20,-20,4,0,42,4,0,-32,507,0,3814,367,3809,341,1,1,0,0,0
1768307164758,-301,0,-38,-38,-22,-22,-12,-18,32,6,0,-32,507,0,3814,367,3809,341,1,1,0,0,0
1768307164860,-324,0,-41,-41,-23,-23,2,0,72,8,0,-34,501,0,3814,367,3809,341,1,1,0,0,0
1768307164959,-324,0,-40,-40,-23,-23,-14,-20,42,8,0,-34,507,0,3814,367,3809,341,1,1,0,0,0
1768307165062,-324,0,-39,-39,-22,-22,-12,-16,44,8,0,-35,507,0,3814,367,3809,341,1,1,0,0,0
1768307165161,-347,0,-42,-42,-24,-24,6,4,32,6,0,-37,507,0,3814,367,3809,341,1,1,0,0,0
1768307165262,-347,0,-41,-41,-23,-23,8,4,36,-2,0,-38,507,0,3811,367,3809,341,1,1,0,0,0
1768307165365,-347,0,-41,-41,-23,-23,4,2,48,10,0,-38,501,0,3814,367,3809,341,1,1,0,0,0
1768307165466,-347,0,-40,-40,-23,-23,4,2,46,8,0,-39,501,0,3811,367,3809,341,1,1,0,0,0
1768307165566,-370,0,-42,-42,-24,-24,8,4,28,6,0,-40,501,0,3811,367,3809,343,1,1,0,0,0
1768307165670,-370,0,-41,-41,-23,-23,4,2,40,8,0,-41,507,0,3811,367,3809,341,1,1,0,0,0
1768307165770,-370,0,-40,-40,-23,-23,-10,-20,36,8,0,-42,507,0,3811,367,3809,341,1,1,0,0,0
1768307165869,-394,0,-42,-42,-24,-24,-14,-20,52,8,0,-43,507,0,3811,367,3809,341,1,1,0,0,0
1768307165970,-394,0,-41,-41,-23,-23,6,2,42,6,0,-45,507,0,3811,367,3806,341,1,1,0,0,0
1768307166070,-394,0,-39,-39,-22,-22,4,2,36,6,0,-46,507,0,3811,367,3806,343,1,1,0,0,0
1768307166171,-417,0,-43,-43,-24,-24,-8,-16,30,6,0,-48,501,0,3809,367,3809,341,1,1,0,0,0
1768307166272,-417,0,-40,-40,-23,-23,10,24,42,8,0,-48,507,0,3809,369,3809,343,1,1,0,0,0
1768307166375,-463,0,-44,-44,-25,-25,-14,-20,44,8,0,-50,507,0,3809,367,3809,343,1,1,0,0,0
1768307166477,-463,0,-42,-42,-24,-24,-12,-22,50,10,0,-52,501,0,3809,369,3809,343,1,1,0,0,0
1768307166577,-486,0,-43,-43,-24,-24,-10,-18,38,8,0,-53,507,0,3811,369,3809,343,1,1,0,0,0
1768307166677,-486,0,-41,-41,-23,-23,0,-2,56,6,0,-56,507,0,3811,369,3809,343,1,1,0,0,0
1768307166781,-509,0,-42,-42,-24,-24,6,4,56,2,0,-56,507,0,3809,369,3809,343,1,1,0,0,0
1768307166883,-532,0,-43,-43,-24,-24,6,4,34,10,0,-57,501,0,3809,369,3806,343,1,1,0,0,0
1768307166985,-532,0,-42,-42,-24,-24,-12,-20,42,8,0,-58,507,0,3809,367,3806,343,1,1,0,0,0
1768307167083,-532,0,-41,-41,-23,-23,0,0,50,8,0,-59,514,0,3809,367,3806,343,1,1,0,0,0
1768307167184,-556,0,-41,-41,-23,-23,2,2,60,10,0,-60,507,0,3809,369,3806,343,1,1,0,0,0
1768307167289,-556,0,-39,-39,-22,-22,4,2,48,2,0,-62,507,0,3809,369,3806,343,1,1,0,0,0
1768307167387,-579,0,-39,-39,-22,-22,6,6,32,4,0,-62,501,0,3809,369,3806,343,1,1,0,0,0
1768307167488,-602,0,-41,-41,-23,-23,-16,-18,36,6,0,-64,507,0,3809,369,3806,343,1,1,0,0,0
1768307167592,-625,0,-40,-40,-23,-23,-14,-22,32,6,0,-64,514,0,3809,369,3806,343,1,1,0,0,0
1768307167692,-648,0,-42,-42,-24,-24,-12,-16,68,-6,0,-66,507,0,3809,369,3806,343,1,1,0,0,0
1768307167792,-671,0,-42,-42,-24,-24,4,2,52,6,0,-67,501,0,3806,369,3806,343,1,1,0,0,0
1768307167897,-694,0,-41,-41,-23,-23,18,24,30,6,0,-69,501,0,3806,367,3806,343,1,1,0,0,0
1768307167998,-718,0,-41,-41,-23,-23,2,2,46,8,0,-69,507,0,3809,367,3806,343,1,1,0,0,0
1768307168098,-764,0,-42,-42,-24,-24,4,4,50,10,0,-71,501,0,3806,367,3806,343,1,1,0,0,0
1768307168197,-810,0,-45,-45,-25,-25,2,2,48,8,0,-73,507,0,3806,369,3806,343,1,1,0,0,0
1768307168299,-880,0,-43,-43,-24,-24,2,2,32,8,0,-74,514,0,3806,369,3806,343,1,1,0,0,0
1768307168399,-926,0,-40,-40,-23,-23,16,26,56,12,0,-75,507,0,3806,369,3806,343,1,1,0,0,0
1768307168500,-972,0,-40,-40,-23,-23,16,24,46,8,0,-77,501,0,3806,369,3806,341,1,1,0,0,0
1768307168601,-1000,0,-42,-42,-23,-23,4,2,40,10,0,-78,507,0,3806,369,3806,343,1,1,0,0,0
1768307168702,-1000,0,-42,-42,-23,-23,4,2,36,6,0,-79,507,0,3806,369,3803,343,1,1,0,0,0
1768307168803,-1000,69,-31,-52,-23,-23,4,4,30,6,0,-80,507,0,3806,367,3803,343,1,1,0,0,0
1768307168904,-1000,69,-29,-50,-22,-22,6,4,50,10,0,-80,507,0,3806,367,3803,343,1,1,0,0,0
1768307169007,-1000,69,-19,-40,-17,-17,4,4,34,8,0,-83,507,0,3806,367,3803,343,1,1,0,0,0
1768307169108,-1000,69,-15,-36,-15,-15,2,4,38,4,0,-86,507,0,3803,367,3803,343,1,1,0,0,0
1768307169210,-1000,69,-15,-36,-15,-15,-10,-18,36,6,0,-86,514,0,3806,367,3803,343,1,1,0,0,0
1768307169312,-1000,69,-19,-40,-17,-17,4,2,36,10,0,-84,507,0,3806,367,3803,343,1,1,0,0,0
1768307169409,0,0,0,0,0,0,4,4,42,8,0,-84,507,0,3803,367,3803,343,1,1,0,0,0
1768307169510,0,0,0,0,0,0,6,2,42,0,0,-80,507,0,3806,367,3806,343,1,1,0,0,0
1768307169614,0,0,0,0,0,0,-10,-20,56,10,0,-70,507,0,3806,367,3803,343,1,1,0,0,0
1768307169716,0,0,0,0,0,0,10,22,50,8,0,-59,514,0,3806,367,3803,343,1,1,0,0,0
1768307169816,0,0,0,0,0,0,-6,-16,48,10,0,-47,514,0,3806,367,3803,343,1,1,0,0,0
1768307169919,0,0,0,0,0,0,2,-2,50,8,0,-34,514,0,3806,367,3803,343,1,1,0,0,0
1768307170016,0,0,0,0,0,0,18,22,24,4,0,-20,507,0,3806,369,3803,343,1,1,0,0,0
1768307170118,0,0,0,0,0,0,-14,-24,42,6,0,-16,507,0,3806,369,3803,343,1,1,0,0,0
1768307170222,-139,0,-25,-25,-15,-15,4,-2,52,10,0,0,507,0,3806,369,3803,343,1,1,0,0,0
1768307170320,-417,0,-83,-83,-41,-41,6,2,36,6,0,0,514,0,3806,369,3803,343,1,1,0,0,0
1768307170419,-509,0,-104,-104,-48,-48,4,-2,50,10,0,0,507,0,3806,369,3803,343,1,1,0,0,0
1768307170522,-532,0,-91,-91,-44,-44,-10,-18,30,4,-6,-5,507,0,3806,369,3803,343,1,1,0,0,0
1768307170622,-602,0,-75,-52,-38,-38,0,2,26,6,-35,-38,496,0,3803,369,3803,343,1,1,0,0,0
1768307170723,-602,0,-5,-5,-3,-3,12,20,32,4,-51,-44,474,0,3806,369,3803,343,1,1,0,0,0
1768307170824,-602,0,-17,-17,-11,-11,-10,-20,34,0,-48,-40,463,0,3806,369,3803,343,1,1,0,0,0
1768307170926,0,0,0,0,0,0,-10,-18,32,8,-38,-32,458,0,3806,369,3803,343,1,1,0,0,0
1768307171031,0,0,0,0,0,0,-2,-14,30,8,-33,-18,449,0,3803,369,3806,343,1,1,0,0,0
1768307171127,0,0,0,0,0,0,8,0,36,6,-19,-15,449,0,3806,369,3806,343,1,1,0,0,0
1768307171229,0,0,0,0,0,0,14,24,24,8,-12,-11,444,0,3806,369,3803,343,1,1,0,0,0
1768307171330,0,0,0,0,0,0,8,2,24,6,11,0,430,0,3806,369,3803,343,1,1,0,0,0
1768307171431,0,0,0,0,0,0,-10,-20,28,8,0,0,435,0,3806,369,3803,343,1,1,0,0,0
1768307171532,0,0,0,0,0,0,8,4,28,6,0,0,422,0,3803,369,3803,343,1,1,0,0,0
1768307171634,0,0,0,0,0,0,8,2,20,4,0,0,414,0,3803,369,3803,343,1,1,0,0,0
1768307171736,0,0,0,0,0,0,6,0,34,4,0,0,406,0,3803,369,3803,343,1,1,0,0,0
1768307171836,0,0,0,0,0,0,8,2,22,4,0,0,402,0,3803,369,3803,343,1,1,0,0,0
1768307171941,0,0,0,0,0,0,-10,-20,22,4,0,0,391,0,3803,369,3803,343,1,1,0,0,0
1768307172040,0,0,0,0,0,0,18,22,24,6,0,0,380,0,3803,369,3803,343,1,1,0,0,0
1768307172140,0,0,0,0,0,0,10,4,18,4,0,0,367,0,3803,369,3803,343,1,1,0,0,0
1768307172243,0,0,0,0,0,0,8,4,26,-6,0,0,358,0,3803,369,3803,343,1,1,0,0,0
1768307172341,0,0,0,0,0,0,10,2,22,4,0,0,349,0,3803,369,3806,343,1,1,0,0,0
1768307172446,0,0,0,0,0,0,10,2,16,6,0,0,338,0,3803,369,3806,343,1,1,0,0,0
1768307172543,0,0,0,0,0,0,-8,-18,28,-10,0,0,325,0,3803,369,3806,343,1,1,0,0,0
1768307172645,0,0,0,0,0,0,8,2,12,2,0,0,313,0,3803,369,3806,343,1,1,0,0,0
1768307172746,0,0,0,0,0,0,10,4,16,-4,0,0,302,0,3803,369,3806,343,1,1,0,0,0
1768307172847,0,0,0,0,0,0,8,2,16,4,0,0,288,0,3803,369,3806,343,1,1,0,0,0
1768307172947,0,0,0,0,0,0,10,4,12,2,0,0,273,0,3803,369,3806,343,1,1,0,0,0
1768307173049,0,0,0,0,0,0,8,4,12,4,0,0,261,0,3801,369,3806,343,1,1,0,0,0
1768307173150,0,0,0,0,0,0,10,4,8,4,0,0,248,0,3803,369,3806,343,1,1,0,0,0
1768307173250,0,0,0,0,0,0,10,4,10,2,0,0,237,0,3803,369,3806,343,1,1,0,0,0
1768307173352,0,0,0,0,0,0,8,4,10,4,0,0,221,0,3801,369,3806,343,1,1,0,0,0
1768307173454,0,0,0,0,0,0,10,4,4,0,0,0,209,0,3801,369,3806,343,1,1,0,0,0
1768307173553,0,0,0,0,0,0,10,2,6,2,0,0,193,0,3801,369,3809,343,1,1,0,0,0
1768307173654,0,0,0,0,0,0,-8,-14,6,2,0,0,180,0,3801,369,3809,343,1,1,0,0,0
1768307173756,0,0,0,0,0,0,-8,-16,4,2,0,0,166,0,3801,369,3809,343,1,1,0,0,0
1768307173858,0,0,0,0,0,0,-6,-16,2,2,0,0,153,0,3801,369,3809,343,1,1,0,0,0
1768307173958,0,0,0,0,0,0,12,4,0,0,0,0,136,0,3801,369,3809,345,1,1,0,0,0
1768307174059,0,0,0,0,0,0,10,2,6,2,0,0,123,0,3801,369,3809,343,1,1,0,0,0
1768307174162,0,0,0,0,0,0,10,4,10,0,0,0,109,0,3803,369,3809,343,1,1,0,0,0
1768307174264,0,0,0,0,0,0,12,6,2,2,0,0,94,0,3801,369,3809,343,1,1,0,0,0
1768307174362,0,0,0,0,0,0,-6,-16,8,-8,0,0,81,0,3803,369,3809,343,1,1,0,0,0
1768307174470,0,0,0,0,0,0,-4,-16,-2,2,0,0,67,0,3803,369,3809,343,1,1,0,0,0
1768307174566,0,0,0,0,0,0,12,4,0,2,0,0,56,0,3801,369,3809,343,1,1,0,0,0
1768307174668,0,0,0,0,0,0,12,6,10,-10,0,0,43,0,3803,369,3809,343,1,1,0,0,0
1768307174769,0,0,0,0,0,0,10,4,-2,2,0,0,27,0,3801,369,3809,345,1,1,0,0,0
1768307174870,0,0,0,0,0,0,-4,-14,0,0,0,0,17,0,3803,369,3811,345,1,1,0,0,0
1768307174972,0,0,0,0,0,0,-4,-16,0,2,0,0,14,0,3803,369,3811,343,1,1,0,0,0
1768307175069,0,0,0,0,0,0,22,24,4,-6,0,0,-10,0,3803,369,3811,343,1,1,0,0,0
1768307175170,0,0,0,0,0,0,12,6,-2,2,0,0,-10,0,3803,369,3811,343,1,1,0,0,0
1768307175276,0,0,0,0,0,0,24,24,-2,0,0,0,-6,0,3803,369,3811,343,1,1,0,0,0
1768307175372,0,0,0,0,0,0,12,4,-2,2,0,0,-9,0,3803,369,3811,343,1,1,0,0,0
1768307175473,0,0,0,0,0,0,22,24,-2,2,0,0,0,0,3803,369,3811,343,1,1,0,0,0
1768307175576,0,0,0,0,0,0,12,4,-4,2,0,0,0,0,3803,369,3811,343,1,1,0,0,0
1768307175677,0,0,0,0,0,0,12,4,-6,0,0,0,0,0,3803,369,3814,343,1,1,0,0,0
1768307175777,0,0,0,0,0,0,12,6,8,-12,0,0,0,0,3803,369,3814,343,1,1,0,0,0
1768307175877,0,0,0,0,0,0,10,6,-2,0,0,0,0,0,3803,369,3814,343,1,1,0,0,0
1768307175980,0,0,0,0,0,0,12,6,-2,2,0,0,0,0,3803,369,3814,343,1,1,0,0,0
1768307176081,0,0,0,0,0,0,24,24,-2,0,0,0,0,0,3803,369,3814,343,1,1,0,0,0
1768307176181,0,0,0,0,0,0,10,4,-2,2,0,0,0,0,3803,369,3814,343,1,1,0,0,0
1768307176284,0,0,0,0,0,0,12,4,-2,0,0,0,0,0,3803,369,3814,345,1,1,0,0,0
1768307176385,0,0,0,0,0,0,2,-12,-2,2,0,0,0,0,3803,369,3814,345,1,1,0,0,0
1768307176488,0,0,0,0,0,0,12,6,16,-6,0,0,0,0,3803,369,3814,345,1,1,0,0,0
1768307176591,0,0,0,0,0,0,12,6,-2,2,0,0,0,0,3803,369,3814,345,1,1,0,0,0
1768307176686,0,0,0,0,0,0,12,6,-2,0,0,0,0,0,3803,369,3814,345,1,1,0,0,0
1768307176788,0,0,0,0,0,0,24,24,0,0,0,0,0,0,3803,369,3814,345,1,1,0,0,0
1768307176890,0,0,0,0,0,0,0,-12,-2,0,0,0,0,0,3803,369,3814,345,1,1,0,0,0
1768307176989,0,0,0,0,0,0,12,4,-2,2,0,0,0,0,3803,369,3814,345,1,1,0,0,0
1768307177092,0,0,0,0,0,0,24,24,4,-6,0,0,0,0,3803,369,3814,345,1,1,0,0,0
1768307177191,0,0,0,0,0,0,12,6,-4,0,0,0,0,0,3803,369,3814,345,1,1,0,0,0